appid,embbeding
570,"[-0.22951744  0.58372337 -0.44713852 ... -0.13024245 -0.5841446
 -0.08106409]"
730,"[-0.2368222   0.33354628 -0.53209907 ... -0.43901363 -0.7710132
 -0.08894142]"
578080,"[ 0.07501645 -0.04648224 -1.0076524  ...  0.40983364 -0.32858208
 -0.14467534]"
440,"[ 0.3740081   0.23591323 -0.7328936  ...  0.06667129 -0.2949266
 -0.21232887]"
230410,"[-0.08392613  0.36166304 -0.40562782 ...  0.302865    0.02364924
 -0.03827479]"
304930,"[ 0.46075487  0.40085346 -0.81367683 ...  0.23263626 -0.06314594
 -0.04828376]"
620,"[ 0.13307862  0.5008913  -0.43488166 ... -0.94316876 -0.15345906
 -0.38086084]"
400,"[-0.00844502  0.3509566  -0.5967606  ... -0.6304704  -0.27047688
 -0.16768326]"
10,"[ 0.2254834   0.64747083 -0.82207966 ... -0.3475926  -0.5779094
 -0.04427246]"
550,"[ 0.31777412 -0.18552543 -0.18458065 ... -0.39339057 -0.10593656
  0.07047912]"
220,"[ 0.34400502  0.32909575  0.21131027 ... -0.6304924  -0.1433016
 -0.71531695]"
4000,"[ 0.5189895   0.0345903  -0.6907264  ... -0.40553468  0.23642603
 -0.7177576 ]"
240,"[-0.18541168  0.41334385 -0.89353627 ... -0.7142255  -0.31961918
 -0.19351718]"
72850,"[-0.47065675 -0.1670841   0.60539097 ... -0.8426003   0.16085657
 -0.52444756]"
238960,"[-0.48067787  0.20040274 -0.52949446 ... -0.23140374 -0.79746896
  0.59723735]"
80,"[ 0.1550752   0.16740347 -0.38820162 ... -0.05670947  0.3356995
 -0.12533182]"
320,"[ 0.6117972   0.08541945 -0.10752636 ... -0.5823259  -0.42038128
 -0.6920795 ]"
340,"[ 0.30902857 -0.21601853 -0.48079243 ...  0.26211357  0.00684292
  0.08720984]"
218620,"[ 1.235437    0.7435541  -0.30794615 ... -0.4637584  -0.45298037
  0.5363625 ]"
444090,"[-0.08320361  0.45444226 -0.24641709 ...  0.04646301 -0.14752993
 -0.53519434]"
291550,"[ 0.24731754  0.5817357  -0.18352629 ...  0.41937438  0.11552329
 -0.5173677 ]"
236390,"[ 0.47495583  0.848715    0.01138077 ...  0.59392715 -0.3698982
  0.15325013]"
301520,"[ 0.3911381   0.5680038  -0.65822136 ...  0.12835146  0.23558787
  0.07605135]"
271590,"[ 0.43046203  0.43576616 -0.09309708 ... -0.29980212 -0.48977336
  0.11000396]"
291480,"[ 0.7658238   0.5805244  -0.05663304 ... -0.07590102  0.09901115
 -0.11879316]"
227940,"[ 0.64268273  0.3088346   0.04627993 ...  0.14982277  0.16870058
 -0.16488093]"
433850,"[ 0.5484615   0.23988008 -0.3733717  ...  0.3641757  -0.4394324
 -0.17184994]"
292030,"[-0.15876408 -0.31012532  0.23807734 ... -0.49100545 -0.13267565
 -0.02045162]"
105600,"[-0.05311745  0.58873945 -0.69134223 ... -0.03065872 -0.30957437
  0.02164144]"
431960,"[-0.21304211  0.3679606  -0.2901476  ... -0.10705039  0.04171402
 -0.01745764]"
227300,"[ 0.9672443   0.44332466 -0.33045352 ... -0.81015074 -0.3211067
  0.13770212]"
319630,"[ 0.11321636 -0.36925152 -0.13337608 ...  0.5311136   0.25135022
 -0.619232  ]"
322330,"[ 0.6924943   0.11297043 -0.62925273 ... -0.06676755 -0.27133203
 -0.3087756 ]"
70,"[ 0.37551063  0.03612059 -0.0742816  ... -0.09165054  0.11292445
 -0.5966212 ]"
8930,"[ 0.32426265  0.18367405  0.8752188  ... -0.3048211  -0.10583998
 -0.18403995]"
203160,"[ 0.56860703  0.96181154 -0.5033765  ...  0.09890587 -0.7622684
  0.01378736]"
420,"[ 0.8037824   0.48933437  0.18223457 ... -0.3287911   0.3900576
 -0.08692562]"
500,"[ 0.49184477 -0.4130967  -0.5991482  ... -0.47490063 -0.19229728
 -0.11154508]"
50,"[ 0.5970414  -0.37628844 -0.49390584 ... -0.6587837  -0.20093387
 -0.48902032]"
221380,"[-0.21465011  0.05643779  0.06029404 ... -0.374829   -0.38740093
 -0.37916794]"
380,"[ 0.5257772   0.13601957 -0.19073305 ... -0.20872854  0.17936516
 -0.14171717]"
49520,"[ 0.78798836  0.47937536  0.15464646 ... -0.02205271 -0.9857682
 -0.17219399]"
255710,"[ 0.23545413  0.52016646  0.35602596 ...  0.04658377 -0.47340038
  0.15994313]"
252950,"[-0.50672317  0.25738215 -0.0902021  ...  0.04119095 -0.10890407
 -0.14539416]"
278360,"[ 0.6209301   0.18959166 -0.35551772 ... -0.3780773   0.08805925
 -0.344493  ]"
10180,"[-0.03803381  0.07218908 -0.34199235 ... -0.9146612  -0.9358809
 -0.13653259]"
130,"[ 1.1363848  -0.07743058 -0.23800357 ...  0.11082204  0.0651257
 -0.5711556 ]"
363970,"[ 0.4199049   0.3800698  -0.5071823  ... -0.21042481 -0.21870184
  0.57029027]"
300,"[-0.45697942 -0.3829928  -0.28848103 ... -0.3795491  -0.73659
 -0.26850313]"
30,"[ 0.32890114 -0.32550058 -0.6335607  ... -0.34091896 -0.5828279
 -0.30979714]"
224260,"[ 0.96016663  0.18989776 -0.8563904  ... -0.74562335 -0.51865476
 -0.6264859 ]"
863550,"[ 0.48420358  0.6690051  -0.38802359 ... -0.7195956  -0.8148057
  0.34040788]"
20,"[ 0.6415372   0.08988722 -0.8293712  ...  0.21409105 -0.30769995
  0.07768139]"
40,"[ 0.45529896  0.03786704  0.15728633 ... -0.37426436 -0.92767024
 -0.37576532]"
219640,[0.5525003  0.28100312 0.40179473 ... 0.18422008 0.10275358 0.273029  ]
218230,"[ 0.00839153  0.55063474  0.32656556 ... -0.34626895 -0.37751198
 -0.12714455]"
359550,"[ 0.02555544 -0.2519514  -0.5186966  ...  0.32121485 -0.14369433
 -0.18870427]"
252490,"[ 0.52681303  0.5330991  -0.58892447 ... -0.02737819 -0.328397
 -0.24473517]"
60,"[ 0.65337217  0.47703478 -0.53585607 ... -0.19763573  0.01667718
 -0.7035515 ]"
333930,"[-0.03052144 -0.02637646 -0.5277099  ...  0.06414112  0.14317818
  0.37430277]"
386360,"[-0.15105346 -0.22123215 -0.1192648  ... -0.2554788  -0.40203843
 -0.07094213]"
109600,"[ 0.08734537  0.2768102  -0.12645642 ...  0.04748574 -0.27422827
 -0.22697516]"
304050,"[-0.09360654  0.3041679  -0.05493057 ...  0.39406726 -0.01224151
 -0.06522856]"
381210,"[ 0.7281393   0.40412346 -0.7736556  ... -0.7120632  -0.6663757
 -0.5171255 ]"
550650,"[ 0.6136595  -0.10027292 -0.492343   ... -0.08724525 -0.12059248
  0.21966992]"
360,"[ 0.75592345 -0.24845369 -0.09910992 ... -0.66487575  0.09756904
 -0.9302389 ]"
377160,"[ 0.35414755  0.1554242   0.01641235 ... -0.4640387   0.66377115
 -0.39947176]"
346110,"[ 0.51619124  0.47219035 -0.46425313 ...  0.17917168  0.27092758
 -0.22909221]"
582010,"[ 0.28485382  0.5967905  -0.16343173 ... -0.39468867 -0.46275058
  0.33295974]"
273110,"[ 0.1380862   0.18702997 -0.189515   ... -0.12481076 -0.5365905
  0.07660358]"
113400,"[ 0.8674467   0.34867176 -0.19550315 ... -0.4256001  -0.3581726
  0.16682617]"
555570,[0.07332158 0.23545931 0.05059592 ... 0.11958438 0.06247064 0.2334659 ]
253710,"[ 0.9095196   0.34534633 -0.27655107 ... -0.3118123   0.08208485
 -0.063704  ]"
250900,"[ 0.29737064 -0.27394864 -0.6595423  ... -0.21863067 -0.5846968
  0.1350404 ]"
213670,"[ 1.0765766   0.10262854 -0.20238742 ... -0.67619216 -0.5421281
  0.45159844]"
219150,"[ 0.1170485   0.2994449  -0.19946808 ... -0.17146952 -0.7229173
  0.446722  ]"
238460,"[ 0.7520839   0.19038254  0.09135787 ...  0.74973327 -0.04312161
 -0.3624292 ]"
312990,"[ 0.75384307  0.09854034  0.27264434 ... -0.50661    -0.08350701
  0.1761197 ]"
48700,"[ 0.2688614  -0.19219513  0.70574427 ...  0.14791349 -0.16017465
  0.07179409]"
205100,"[-0.21859322 -0.24370112 -0.28277987 ... -0.4980601  -0.28128055
  0.34756234]"
413150,"[ 0.12936828  0.39484224 -0.13618886 ...  0.06607559  0.13554128
  0.16085297]"
698780,"[ 0.29127073  0.02715219  0.12451483 ... -0.10493021 -0.52701795
 -0.7182368 ]"
212680,"[-0.05124917  0.25785303 -0.4782151  ...  0.40156737 -0.21081565
 -0.45059612]"
107100,"[-0.36678863  0.24660408 -0.46353534 ...  0.2589912  -0.10180223
 -0.02667402]"
204360,"[ 0.2170702  -0.00853157  0.24917322 ...  0.1867469   0.26425254
 -0.6573343 ]"
55230,"[ 0.717707    0.42290688  0.00080141 ... -0.03657293 -0.57386154
  0.19354455]"
238320,"[ 0.5466562  -0.20078078 -0.72088975 ... -0.39720726 -0.1085683
 -0.5574264 ]"
35140,"[ 0.9104364   0.52325714 -0.5272454  ... -0.05687413 -0.87736
  0.1937935 ]"
239030,"[ 0.87501585 -0.24218622  0.08009901 ... -0.21225812 -0.737156
  0.75636697]"
35720,"[ 0.15309164  0.12140393  0.15002313 ... -0.0942305   0.07574488
 -0.10781498]"
113200,"[ 0.25246242 -0.08355005 -0.7279509  ...  0.09199562 -0.43031266
  0.27604452]"
391540,"[ 0.9305012  -0.00295398 -0.5461325  ...  0.54435587  0.20407102
 -0.5941477 ]"
22380,"[ 0.9316183   0.4140679   0.3934629  ... -0.44396564 -0.3392118
 -0.24230124]"
200260,"[ 0.78662455  0.50081414  0.15813373 ... -0.03085781 -0.80042195
 -0.11005667]"
8870,"[ 0.3961336  -0.20016783  0.35618678 ...  0.39328465 -0.18015447
 -0.02385481]"
1250,"[ 0.94835275  0.0464198  -0.27691087 ... -0.3681128  -0.45300898
 -0.02012763]"
201790,"[ 0.752186    0.18406214 -0.04800612 ... -0.20113893 -0.5564451
 -0.19484574]"
346010,"[ 0.02663841  0.06557233  0.12509517 ...  0.1367396   0.06050185
 -0.02551991]"
630,"[ 0.4138983   0.33608505 -0.5571913  ... -0.6580343  -0.33900034
 -0.24802311]"
282070,"[ 0.4270917  -0.21184781 -0.26858324 ... -0.14458631  0.25201613
  0.14870653]"
3830,"[ 0.25472987 -0.13570076 -0.28447816 ... -0.22883447  0.0581192
 -0.45369464]"
435150,"[ 0.5016773  -0.59234583  0.19358777 ... -0.22524531 -0.34739378
  0.02686507]"
200510,"[ 0.3791677   0.05513921 -0.54421693 ... -0.13264175 -0.42043462
 -0.08995455]"
4700,"[-0.08993702 -0.11002725  0.508826   ...  0.20691732 -0.04811182
  0.32161495]"
50130,"[ 0.47813177  0.490361   -0.05733271 ... -0.38673112 -0.35754773
  0.20324351]"
57300,"[ 0.89692116 -0.27470237 -0.31034738 ... -0.34221122 -0.5648786
  0.1143921 ]"
200710,"[ 0.4539249  -0.15591753 -0.3909015  ... -0.24372344 -0.44798645
  0.22105134]"
264710,"[ 0.64357084  0.32170132 -0.5558246  ... -0.1808639  -0.22452717
 -0.03881639]"
48000,"[ 0.15712535  0.00633402 -0.9161387  ...  0.13860832  0.08250224
  0.21996707]"
395170,"[ 0.25498936 -0.3054855   0.08780995 ... -0.16811387 -0.6083787
 -0.23301958]"
4560,"[ 0.9542756   0.3097209  -0.43298292 ... -0.20756623 -0.33083996
  0.14708349]"
563560,"[ 0.41829076  0.26248094 -0.46878785 ... -0.2509429   0.0641973
  0.00480895]"
225260,"[ 0.58121496 -0.2700845   0.14278644 ... -0.13372259 -0.38740647
 -0.60937214]"
233450,"[ 1.0900117   0.05408619 -0.7949011  ...  0.44074196 -0.04599156
 -0.16439323]"
24240,"[ 1.274329    0.7413157  -0.5750701  ...  0.03308097 -0.15340358
  0.579994  ]"
379720,"[ 0.47402483 -0.00429725 -0.164921   ... -0.42829514 -0.51969635
  0.04771241]"
20540,"[ 0.8788449   0.45696902 -0.16225868 ... -0.0797419  -0.3029538
  0.08227982]"
233130,"[ 0.21529062 -0.19675744  0.04082405 ...  0.00554405 -0.44631964
  0.21875793]"
391220,"[ 0.01123199  0.95196706 -0.35771915 ... -0.18171455 -0.03224475
 -0.29578167]"
365450,"[ 0.54195756 -0.06067203 -0.51074153 ... -0.36500445  0.2325289
  0.4040154 ]"
239140,"[ 0.5928797  -0.5610926  -1.1262705  ... -0.17811754 -0.09779929
 -0.01848575]"
242760,"[ 0.7838787   0.14237314 -0.43140116 ...  0.08427991  0.23138142
 -0.08574744]"
50300,"[ 0.22762562  0.20045787 -0.00631421 ... -0.4770669  -0.5092258
  0.05955017]"
204880,"[ 0.25398824 -0.17614919  0.0903074  ...  0.7035463  -0.31874773
 -0.44184273]"
6060,"[ 0.09533882  0.6013741   0.2521149  ...  0.36087337 -0.18104626
 -0.61857176]"
12110,"[ 1.0943458   0.32045445  0.18904637 ... -0.22038004 -0.68175757
  0.16493867]"
35450,"[ 0.25417134 -0.12139487 -0.78968716 ... -0.62254566 -0.23602311
 -0.28375003]"
317360,"[ 0.5890312   0.7542145  -0.13771532 ... -0.13349532 -0.67234325
  0.14144701]"
33930,"[ 0.27215663  0.7221407  -0.6708701  ... -0.2355876  -0.2695958
  0.05217807]"
9340,"[ 0.51677984 -0.07999199 -0.46572658 ... -0.6716543  -0.7381509
  0.16841477]"
221910,"[ 0.65971375 -0.27793673  0.12791759 ...  0.02861146 -0.00602624
 -0.7504339 ]"
206420,"[ 0.90958816  0.3286516   0.1434583  ... -0.22896647 -0.20475987
  0.31702408]"
491950,"[ 0.5760318  -0.7415231   0.04634879 ...  0.15674882 -0.29323363
  0.16185205]"
42910,"[ 0.28841674 -0.05383048 -0.01517927 ...  0.26486456 -0.4139725
  0.5975774 ]"
108710,"[ 0.6358096  -0.18247391 -0.5220365  ...  0.00173972 -0.4944406
 -0.289347  ]"
477160,"[ 0.2811455   0.10380777 -0.47663596 ... -0.17666738 -0.2080241
 -0.31383353]"
57690,"[ 0.50416726  0.5759667  -0.38685712 ...  0.14983371  0.15767166
  0.16689539]"
8190,"[ 0.92198277  0.90062255 -0.12706392 ... -0.25634903  0.26218334
 -0.17299071]"
225840,"[ 0.7067212  -0.3043353  -0.12648058 ... -0.5448328  -0.12553708
 -0.8245091 ]"
475150,"[ 0.66145986  0.03549415 -0.18390606 ...  0.16282015 -0.36327618
 -0.34710726]"
209080,"[ 0.50394076  0.8437324   0.07143713 ...  0.20225212 -0.1710339
 -0.24685712]"
374320,"[ 0.47056332 -0.64840925 -0.317813   ... -0.29533485 -0.6142069
  0.06987952]"
265630,"[ 0.00561449  0.13265362  0.04295272 ... -0.1795954   0.11015462
 -0.0516284 ]"
55150,"[ 0.45634648 -0.3971081   0.7498976  ... -0.48283118  0.20103495
 -0.17008229]"
113020,"[ 0.73833877  0.08560078 -0.50220066 ... -0.00248464 -0.46997744
  0.68637216]"
222880,"[-0.0726174   0.20356314 -0.6429155  ...  0.0106983  -0.55344653
 -0.35414022]"
220200,"[ 0.41684413  0.4324671  -0.420842   ... -0.7758423  -0.04406206
 -0.57610816]"
234140,"[ 0.6299321   0.51790476 -0.69517195 ... -0.02107686 -0.50449073
 -0.12487977]"
211820,"[ 0.13068216  0.378486    0.26303294 ... -0.44881037  0.07489309
 -0.5317076 ]"
34030,"[-0.26794437 -0.04560025  0.0355805  ...  0.16750738  0.13203447
 -0.05745253]"
203140,[ 0.350761   0.607079  -0.3306279 ... -0.5207252 -0.5022561  0.5388347]
210770,"[ 0.2302971   0.5954579  -0.03267733 ... -0.41796413 -0.62438494
 -0.41517827]"
674940,"[ 0.12758537 -0.00256357 -0.23465411 ... -0.35575858 -0.03518271
  0.0072122 ]"
17470,"[ 0.4827968   0.00778522 -0.44291687 ... -0.67086816 -0.304497
 -0.7214598 ]"
10500,"[-0.07993201  0.49662045  0.2831083  ...  0.14641258  0.34162194
  0.01175462]"
391720,"[ 0.3121101  -0.44029218  0.43394697 ...  0.4432559  -0.36435187
 -0.3876244 ]"
107410,"[ 0.92572933  0.2745393  -0.08901765 ...  0.14867872 -0.52068406
  0.13600963]"
346900,"[ 8.6950004e-01  4.7588640e-01 -2.8143433e-01 ...  2.9329598e-04
 -1.2154896e-01 -3.4306452e-01]"
12120,"[ 0.58507663  0.7440335   0.40806958 ... -0.20087491 -0.87075096
  0.19349623]"
220240,"[ 0.94518054  0.48610854  0.1713737  ... -0.34116256 -0.06995422
 -0.40862146]"
208580,"[ 0.30277252  0.33063293  0.4329155  ... -0.03277623 -0.2100122
 -0.6262567 ]"
265930,"[ 1.0126362   0.554396   -0.00229677 ... -0.03445847 -0.0473739
 -0.34616688]"
838350,"[-0.07074914 -0.12123974  0.44050878 ... -0.24100801 -0.22635393
  0.03478193]"
41070,"[ 1.3179935   0.00503637  0.6216023  ... -0.07413174 -0.5396445
  0.18258083]"
368230,"[ 0.27683166 -0.35294184 -0.06787606 ...  0.37989408 -0.21234185
  0.13474752]"
438100,"[ 0.6671061   0.1446825  -0.62645304 ... -0.03199562 -0.37417796
 -0.6767942 ]"
20920,"[-0.43703344 -0.29967135  0.56361276 ... -0.39159894 -0.39839235
 -0.2435765 ]"
42700,"[ 0.3108639  -0.02673008 -0.61636746 ... -0.94801444 -0.7705898
  0.24926266]"
17410,"[-0.23292056 -0.22957441 -0.20030944 ...  0.03702599  0.06346145
  0.16086328]"
105450,"[ 0.12171406  0.3516316   0.34642583 ... -0.7478985  -0.37659127
 -0.12763393]"
203770,"[ 0.48208648 -0.2778184   0.29100335 ... -0.3961606   0.05037307
 -0.1828688 ]"
17390,"[ 0.13687904  0.41643852  0.13738857 ... -0.51027435 -0.0899145
 -0.43098974]"
15620,"[ 0.01870629 -0.04037463  0.47391006 ... -0.14352316 -0.3102019
 -0.08695936]"
232090,"[ 0.83586115  0.3866571  -0.66590065 ... -0.34187073 -0.8137603
 -0.33291695]"
32370,"[ 0.5872027   0.4413418   0.1418589  ...  0.13601424 -0.2032685
 -0.26337948]"
248570,"[-0.04063798 -0.41866258 -0.01255236 ...  0.05074253 -0.16257824
 -0.22521049]"
814380,"[-0.29466897 -0.13108309 -0.2974994  ... -0.38553053 -0.3662164
 -0.03381759]"
96000,"[ 0.18188669  0.1967883  -0.01221674 ... -0.10742245 -0.11597077
 -0.2475635 ]"
11020,"[ 0.3133067   0.4251607  -0.35693365 ... -0.15066378 -0.25752908
  0.02478032]"
270550,"[ 0.18519145  0.31312644 -0.5563494  ...  0.04356007 -0.4071965
 -0.29397947]"
3910,"[ 0.76979     0.40754643  0.944048   ... -0.13700408 -0.8795632
  0.03537526]"
244850,"[-0.13043538  0.46483234  0.01199556 ... -0.3178103   0.19236049
 -0.68371564]"
20900,"[-0.31406444 -0.49001208  0.48061374 ...  0.16901742  0.09820602
  0.40434358]"
15700,"[ 0.7289155  -0.23290375 -0.19285312 ... -0.50473124 -0.24327756
  0.21742737]"
262060,"[-0.05216919 -0.21531045 -0.5398524  ...  0.34595427 -0.52637416
  0.03199103]"
588430,"[ 0.8041286   0.8332803  -0.10051921 ... -0.48985276 -0.45123526
 -0.60830116]"
223710,"[ 0.55813146  0.22603895 -0.28663546 ...  0.21404773 -0.5946387
 -0.68835187]"
24960,"[ 0.61501986 -0.07008486 -0.03781827 ... -0.03505931 -0.84985006
 -0.05114488]"
209000,"[ 0.52339983  0.76496786 -0.00477536 ... -0.25394356 -0.7960919
  0.62579566]"
204300,"[ 0.12256882  0.2471485  -0.6601789  ... -0.22884193 -0.4964963
 -0.08173532]"
202970,"[ 0.34692353  0.3631908  -0.7760652  ... -1.00004    -0.88255334
 -0.16348344]"
700330,"[ 0.6198936   0.3567063   0.12008417 ... -0.2694962   0.06651939
  0.2617317 ]"
335240,"[ 0.47301626  0.1932944  -0.06898501 ...  0.10117279 -0.34262505
 -0.04827174]"
206210,"[ 1.0637165   0.05153069 -0.21665119 ... -0.13229758  0.1963051
  0.09280586]"
282440,"[ 0.2901142   0.36290163 -0.8306485  ... -0.23317866 -0.3354133
 -0.2565736 ]"
504370,"[ 0.07180112  0.62533915 -0.54943854 ...  0.6564949  -0.12502964
 -0.36667585]"
200210,"[ 0.82631767 -0.3163214  -0.05124558 ...  0.6496067  -0.95246685
  0.6947247 ]"
99900,"[ 0.7114522   0.4831482  -0.48941448 ...  0.41523808 -0.3323263
  0.15098876]"
262410,"[ 0.69820166  0.14766398  0.29434714 ... -0.14258118 -0.57783824
  0.3223956 ]"
355180,"[ 0.6403772  -0.5206742  -0.47902125 ... -0.38167608  0.04126821
  0.0014206 ]"
108800,"[ 0.08067305  0.2962191  -0.2220222  ... -0.40280128 -0.30839232
 -0.613302  ]"
47890,"[ 0.32979587  0.2722805   0.18925975 ... -0.13285674 -0.32362634
 -0.34971505]"
389570,"[ 0.26550964 -0.5334458  -0.24428718 ... -0.0356134  -0.26838148
 -0.32068908]"
212500,"[ 0.25059462  0.15971076  0.12547345 ... -0.65052164 -0.33871168
  0.45964682]"
287390,"[ 0.9838276  -0.48458064 -0.97555935 ...  0.2227379  -0.2633686
  0.13485494]"
22370,"[ 0.50229144 -0.0493696   0.39898005 ... -0.54324824 -0.2698308
 -0.62139565]"
280790,"[ 0.41144648  0.3556061  -0.25079393 ...  0.05966306 -0.08951346
  0.32706693]"
286690,"[ 1.0471194  -0.35888276 -0.557729   ... -0.02104123 -0.35582587
  0.19559938]"
24200,"[ 0.4905843   1.0179942   0.18848418 ... -0.07625916 -0.9399221
  0.6098854 ]"
17080,"[ 0.45528206  0.32024732 -0.57235926 ... -0.16102827 -0.56720114
 -0.4804988 ]"
268420,"[ 0.3145665   0.604745   -0.82178336 ...  0.03149841 -0.13742371
  0.20022231]"
323580,"[ 0.16548233  0.03670918 -0.01919228 ... -0.02837864 -0.9751599
  0.00858204]"
251570,"[ 0.64263004  0.34858745 -0.30094048 ... -0.1635708   0.0553578
 -0.37134433]"
280,"[ 0.37897134 -0.37951773 -0.15476704 ... -0.09304155 -0.08369641
 -0.49754426]"
281990,"[-0.16800593  0.1651819   0.4342559  ... -0.06137854 -0.25996497
 -0.5357024 ]"
299360,"[ 0.5360195   0.37107676 -0.38844174 ... -0.2593252  -0.3219868
  0.23750074]"
203290,"[ 0.7551077   0.63589567 -0.609427   ... -0.38696203 -0.17058015
  0.18511257]"
261640,"[ 0.6646114   0.34082535  0.5080068  ... -0.10412835 -0.8461364
 -0.5829208 ]"
223750,"[ 0.3006839   0.30446646  0.14932612 ...  0.25046426 -0.50444245
  0.437677  ]"
9480,"[ 0.61054504  0.8441389  -0.03634625 ... -0.38786414 -0.52662396
  0.08446724]"
224600,"[-0.14580289  0.41918877 -0.6852498  ... -0.35773808 -1.0606515
 -0.34721413]"
489830,"[-0.44500148 -0.49025878  0.09223484 ... -0.34774315  0.06549125
 -0.08080576]"
380600,"[ 0.54121286  0.7623468  -0.62041205 ... -0.5827243  -0.3812884
  0.49296743]"
212070,"[ 0.5394685   0.40694487  0.20243132 ... -0.08779612 -0.45339927
 -0.23370329]"
466240,"[ 0.02945128 -0.02877179 -0.60673004 ...  0.02331492 -0.04925655
  0.25224304]"
755790,"[-0.23788728  0.3288506  -0.8447346  ...  0.14975014  0.04038712
 -0.04854922]"
39120,"[-0.23106277  0.350475   -0.61648554 ...  0.45760003 -0.29071027
  0.03234794]"
552500,"[ 0.10784749 -0.46798638  0.02902782 ... -0.02966666 -0.16553159
 -0.13667476]"
104900,"[ 0.6957528   0.49289492 -0.11925318 ...  0.06776789 -0.21614656
 -0.26087594]"
214420,"[ 0.42557132  0.5372623  -0.50229204 ...  0.04266701  0.09553887
 -0.3406941 ]"
236110,"[ 5.1922811e-04  5.5651832e-01 -7.4497348e-01 ...  1.2616338e-01
 -8.0382478e-01  6.5836355e-02]"
12220,"[ 1.0314474   0.13854514  0.08159009 ... -0.07488552 -0.39891848
 -0.06279814]"
207230,"[-0.07638232  0.70168126 -0.18775037 ...  0.32205945 -0.5643919
  0.09138431]"
231430,"[ 0.9779415  -0.05281293 -0.271388   ... -0.59885705 -0.8338186
  0.12531018]"
225540,[0.9204284  0.6421249  0.35356832 ... 0.36373264 0.63145715 0.2193545 ]
339610,"[ 0.41195968  1.0507041  -0.48643816 ... -0.6245341  -0.12176307
  0.11935025]"
552990,"[ 0.54547656  0.75657964 -0.19642241 ...  0.8440202  -0.61352754
  0.32081237]"
316010,"[ 0.4470996   0.41603005  0.06041418 ... -0.08032891 -0.5376817
  0.2997405 ]"
214950,"[ 0.480695   -0.03800856  0.7271952  ...  0.5446557   0.12690963
 -0.15256014]"
444200,"[ 0.46868685  0.345637   -0.470709   ...  0.26575536 -0.25246444
  0.17275575]"
65930,"[ 0.36489654 -0.95549715  0.04182518 ... -0.4523949  -1.3407753
  0.39450487]"
289070,"[ 0.29748672  0.15251137  0.8984996  ... -0.5621511  -0.5187519
  0.01322922]"
286940,"[ 0.52009535  0.96058655 -0.1670497  ... -0.4218413  -0.1458498
  0.2680308 ]"
239200,"[ 0.75318235 -0.0997764  -0.1295834  ... -0.34694025 -0.3224117
 -0.13117442]"
242720,"[ 0.16964252  0.5773362   0.2401494  ...  0.2774164  -0.6417626
  0.26404122]"
386180,"[ 0.14071165  0.59883976 -0.2015025  ...  0.21573137 -0.41730002
 -0.3452544 ]"
365590,"[-0.02573295  0.06150437 -0.67008257 ... -0.03028538 -0.48554593
 -0.33564577]"
12210,"[ 0.8642819   0.09096709 -0.25034916 ... -0.5783016  -0.15603755
  0.19847885]"
813820,"[ 0.2054366  -0.1783977  -0.17855763 ...  0.56777424 -0.09283331
  0.22789359]"
409710,"[ 0.404005   -0.5921711   0.25100234 ...  0.25263587  0.2575326
 -0.2673016 ]"
372000,"[ 0.17902975 -0.5391577   0.00935358 ...  0.20861197 -0.47352666
 -0.19460611]"
221100,"[ 0.374255    0.21687458 -0.6980332  ... -0.08350777  0.3239332
  0.10606242]"
55100,"[-0.11158305 -0.08578981 -0.05568563 ...  0.02306812 -0.63501936
 -0.09460795]"
298240,"[ 0.15789092  0.36971346 -0.5806723  ...  0.7544558   0.20526415
 -0.49107665]"
211500,"[ 0.5104704   0.6192304  -0.29980227 ... -0.17758642 -0.67516685
 -0.19622396]"
391460,"[-0.21245079  0.18695165 -0.0343409  ...  0.2467369   0.18162616
  0.12305938]"
286570,"[ 0.33984402  0.15899391 -0.20264763 ... -0.08467422 -0.0881663
  0.6148067 ]"
302830,"[ 0.23317085  0.03014319 -0.12318835 ... -0.35879317 -0.5975661
  0.36005795]"
304390,"[-0.21390423 -0.03480007  0.47113568 ...  0.75932515 -0.05813197
  0.28648436]"
436520,"[-0.2218896  -0.3382526  -0.2126513  ...  0.06551688  0.13942893
 -0.13612679]"
113420,"[ 0.09010386  0.23747352 -0.1567915  ... -0.14116265 -0.7358684
  0.27122328]"
355840,"[ 0.40742356  0.5373651   0.11615192 ...  0.07585155 -0.32171744
 -0.19278885]"
409720,"[ 0.50533026 -0.35004938  0.1846058  ...  0.02381874  0.12270007
 -0.08870762]"
530700,"[ 0.7288344   0.3527904   0.05669873 ...  0.12210198 -0.11119981
 -0.20915508]"
389430,"[ 0.5311024   0.6985234  -0.17830108 ...  0.39460856 -0.41008577
  0.39996094]"
316390,"[ 0.32036513  0.48522118 -0.12533252 ... -0.10523074 -0.2537032
 -0.15494213]"
427520,"[ 0.43341887  0.19994508 -0.43447587 ... -0.2989301   0.19582576
 -0.05584161]"
424280,"[ 0.28631788  0.02757529 -0.04426148 ... -0.17549497  0.1194391
 -0.33662966]"
294100,"[ 0.74781746  0.45215458  0.16172048 ...  0.19492757  0.09501562
 -0.20878635]"
250320,"[ 0.25491303 -0.10339917 -0.5532838  ...  0.02198586 -0.44709024
 -0.0793752 ]"
3590,"[-0.42134523 -0.21621749 -0.3974904  ...  0.1719733  -0.31757677
  0.06049678]"
221640,"[ 0.49354532  0.5098687   0.42588457 ...  0.1983974  -0.33168256
 -0.32760197]"
102600,"[ 7.8468734e-01 -6.0836915e-02  1.1734093e-01 ... -2.9482141e-01
 -4.2514184e-01  5.9152365e-04]"
206440,"[ 1.0125223   0.45622855 -0.5017978  ... -0.5517587   0.15294994
 -0.5236161 ]"
274190,"[ 0.84792     0.6083706  -0.2223103  ...  0.3142328   0.03874331
  0.14991638]"
9420,"[ 0.4704489  -0.3978637  -0.4826289  ...  0.27574128 -0.3641331
 -0.35736328]"
247080,"[ 0.37940666 -0.199438   -1.1723272  ...  0.11675049 -0.83977354
 -0.64006585]"
646570,"[ 0.35992044  0.08638665  0.03134403 ...  0.3160651  -0.42118704
  0.26962265]"
387290,"[-0.26169103 -0.31089324 -0.9949434  ...  0.07335637  0.08060063
  0.55424297]"
433340,"[ 0.59000427  0.32876927 -0.00284136 ...  0.02064866 -0.3205116
 -0.09025732]"
70300,"[-0.00220364  0.06505071  0.28337917 ...  0.07730936  0.16033965
 -0.3699406 ]"
236090,"[ 0.311439    0.11245898 -0.49569157 ...  0.5041132  -0.37230548
 -0.30811653]"
40970,"[-0.33192927  0.02684713  0.23441249 ...  0.31989396  0.5414591
 -0.43321562]"
35700,"[-0.40323836  0.17058124 -0.14651556 ...  0.22130378  0.27281606
  0.2786679 ]"
883710,"[ 0.4628843   0.45784166  0.39022613 ...  0.05700732 -0.10898402
 -0.7596182 ]"
268910,"[ 0.51806223  0.1927395   0.26588267 ...  0.09019228 -0.21780963
  0.5496807 ]"
257510,"[ 0.674507    0.2015431  -0.1489502  ...  0.4515881  -0.8833922
 -0.22005671]"
41700,"[ 0.92585313  0.31733885 -0.36618295 ... -0.03537183 -0.28170392
 -0.14805143]"
4580,"[ 0.60880715 -0.06957953  0.11130002 ... -0.10374635 -0.55927
 -0.00097083]"
8800,"[ 0.03239639 -0.2209232   0.41750968 ... -0.31494173 -0.23218898
  0.10659784]"
367520,"[ 0.1856501   0.09756956 -0.23390757 ...  0.2382473  -0.45880073
 -0.18707642]"
330830,"[ 0.28025466  0.25551537 -0.677333   ...  0.22233228  0.0997412
 -0.41453823]"
331470,"[ 1.150481    0.2546528  -0.37605062 ... -0.59583193 -0.11181138
  0.05184269]"
219890,"[ 0.10623374  0.02899777 -0.2105025  ...  0.06581864 -1.0037405
 -0.643853  ]"
24980,"[ 0.11312138 -0.24416569  0.2722461  ... -0.42158043 -0.5654164
 -0.95013064]"
4500,"[ 0.4298967   0.29787844 -0.4938066  ...  0.04332227  0.059506
 -0.24919   ]"
223470,"[ 0.42885917  0.21734966  0.16213867 ... -0.5201996   0.12153937
  0.00747726]"
237930,"[-0.21373439 -0.13314219 -0.5460264  ... -0.07906768 -0.09023952
 -0.8979219 ]"
239820,"[ 0.645549    0.60789245 -0.05805585 ... -0.3318886  -0.2715293
 -0.35734212]"
225080,"[ 0.6043934   0.43952292  0.34964383 ... -0.12682988  0.08047312
 -0.3746177 ]"
632360,"[ 0.02578158  0.49756727  0.22664757 ...  0.18673453 -0.0850436
  0.3304056 ]"
588650,"[ 0.6904023  -0.16310365 -0.6203165  ...  0.35839325  0.02601788
  0.1819712 ]"
47780,"[ 0.20774643  0.24743403 -0.09504188 ... -0.76482075 -0.31646225
 -1.0971016 ]"
6910,"[ 0.6032699   0.01630259  0.0347546  ... -0.15059344 -0.37721974
 -0.38700658]"
22320,"[-0.4118844  -0.58822596  0.00828778 ... -0.8975999  -0.5282939
 -0.04581488]"
322170,"[ 0.40686315  0.48047283 -0.6398239  ...  0.07229985  0.04850812
 -0.48941183]"
6020,"[ 0.43056402  0.21490341  0.04605768 ... -0.20030533 -0.27404377
  0.1893775 ]"
9450,"[-0.00842513 -0.32755437  0.6405932  ...  0.11347691 -0.38957095
  0.0426827 ]"
245170,"[ 0.04949438  0.51047295 -0.64657754 ...  0.69179535 -0.2959108
  0.12458626]"
286160,"[ 0.5186958   0.4505356  -0.12365094 ... -0.03637112 -0.07511885
 -0.43114167]"
4570,"[ 0.3100054  -0.5666108   0.8655575  ...  0.12814644 -0.01775351
 -0.3203754 ]"
26800,"[ 0.53088707  0.40333936 -0.7185453  ...  0.15952678 -0.573811
  0.5197484 ]"
6000,"[ 0.8001366   0.47280636  0.13141048 ... -0.44748834 -0.3884678
 -0.19535379]"
22330,"[-0.02762751 -0.17687155  0.3638641  ... -0.7793867  -0.10494919
 -0.17801602]"
32470,"[ 0.21179183 -0.08729501  0.61399966 ...  0.03146494  0.00536085
  0.10823432]"
7760,"[ 0.49947324  0.18025303 -0.04466799 ... -0.6728452  -0.5195438
 -0.08183485]"
311690,"[ 0.6711219   0.24362251 -0.03964194 ...  0.00710248 -0.9548054
  0.05895801]"
220440,"[ 0.2128443  -0.25404495  0.21694937 ... -0.36143163 -1.0458698
  0.60709697]"
17460,"[ 0.10145342 -0.36145714 -0.07309141 ... -0.36935928 -0.33189997
 -0.83162624]"
40950,"[ 0.15290138  0.32651556  0.17736913 ...  0.33395422  0.2050862
 -0.28524208]"
6860,"[ 0.2658062   0.3161903  -0.51183116 ... -0.5188914  -0.637802
  0.33503532]"
38410,"[ 0.53011733  0.09180478 -0.03215511 ... -0.48069784 -0.2407008
 -0.7983998 ]"
241600,"[ 0.3902957   0.3634223  -0.55952406 ...  0.27499273  0.34431902
  0.15216571]"
41000,"[ 1.286587    0.22181684  0.29372016 ... -0.25405872 -0.42514935
  0.02702824]"
22000,"[ 0.2973212   0.49273822 -0.44990355 ... -0.42275786 -0.8155932
 -0.09538421]"
21090,"[ 0.38350984 -0.13593042 -0.30400485 ... -0.3376065   0.05628548
 -0.28946295]"
207140,"[ 0.20166972  0.26130965 -0.22435042 ... -0.06682514 -0.02857574
 -0.11500815]"
248820,"[-0.31023392  0.61705023  0.5187652  ... -0.21464363 -0.49752212
  0.1804015 ]"
246620,"[ 0.53501004  0.22612816  0.1598652  ... -0.11199345 -0.10528761
 -0.1652618 ]"
362890,"[ 0.64761174  0.06766883 -0.35759476 ... -0.40256208  0.2809355
 -0.40025207]"
4760,"[-0.04248537  0.23915702  0.9405622  ...  0.05218612  0.37981442
  0.14337154]"
2100,"[-0.0284623  -0.2676438   0.6258273  ... -0.3962045  -0.41959092
 -0.14642681]"
1840,"[ 0.44099647  0.69715405 -0.03046552 ... -0.9742251  -0.14515053
  0.15867393]"
738060,"[ 0.6950122   0.23111755  0.10342762 ... -0.03759684  0.15108508
 -0.1907496 ]"
39140,"[ 0.7229226   0.17030163 -0.11095425 ...  0.20368862 -0.4906246
 -0.08575266]"
10090,"[ 0.76515836  0.21749988 -0.5033049  ... -0.30923775 -0.7390648
  0.6063159 ]"
214490,"[ 0.23811038 -0.01280837 -0.6315237  ... -0.87319607  0.07664961
 -0.8125608 ]"
11450,"[ 0.42959258 -0.48589772  0.10933243 ... -0.38777477 -0.21350443
 -0.02562171]"
356670,"[ 0.58841616  0.50543433 -0.69882554 ... -0.24545293 -0.17195456
 -0.59827805]"
582500,"[ 1.1784077   0.4159938  -0.98096347 ...  0.10693722 -0.26912498
  0.0336823 ]"
47810,"[-0.70309466  0.0733637   0.36400828 ...  0.21617243 -0.56782675
 -0.28023738]"
270880,"[ 1.0554403   0.7413685  -0.04228665 ... -0.3624229  -0.27552363
 -0.24132538]"
41500,"[ 0.6042168  -0.5674792  -0.6057635  ... -0.09243187 -0.43752494
  0.31538498]"
601150,"[ 0.65373355  0.2999789  -0.01836322 ... -0.39155045 -1.2865034
  0.32828176]"
65800,"[ 0.22440511  0.3230395  -0.54541177 ...  0.20182128 -0.76614326
  0.09518578]"
224760,"[ 0.43528274 -0.46710348  0.363487   ... -0.25213882 -0.16156054
 -0.37715104]"
218680,"[ 0.38740927 -0.03963225 -0.26499194 ... -0.38744467  0.16524626
  0.26386046]"
274170,"[ 0.34577307  0.27804622 -0.23557024 ...  0.37859616 -0.7911361
  0.69958425]"
259080,"[ 0.30559313  0.5549399  -0.17733559 ... -0.93770707 -0.4903809
 -0.326473  ]"
22100,"[ 0.11667319  0.05781448  1.1490438  ...  0.7666949  -0.02934171
 -0.13742843]"
38400,"[ 0.5219962  -0.04268797 -0.13221335 ... -0.12243144 -0.3402493
 -0.7803956 ]"
3900,"[ 0.8004841  -0.23955205  0.40952042 ...  0.16657405 -0.7498441
 -0.25451684]"
305620,"[ 0.5860958   0.35772282 -0.5315212  ... -0.55282235 -0.13084354
 -0.38243982]"
7940,"[ 0.7047266  -0.10922516 -0.72400844 ... -0.62105805 -0.48718348
  0.3241344 ]"
238010,"[ 0.43032184  0.05766628 -0.08559579 ... -0.23613416 -0.26461667
 -0.17769544]"
219990,"[ 0.35788196  0.19538043 -0.05080702 ...  0.2823554  -0.39849418
 -0.10147892]"
20570,"[ 0.13132599 -0.2339749   0.64474016 ...  0.07219181  0.19462846
 -0.57312095]"
67370,"[ 0.15965194 -0.26282686 -0.0257303  ... -0.25993225 -1.0192504
  0.03198879]"
431240,"[ 0.57817703  0.47104523 -0.1476813  ... -0.28681716 -0.42232898
 -0.44101468]"
6030,"[ 0.04887813  0.37676898  0.24615401 ... -0.37944952 -0.25660032
 -0.17228068]"
326460,"[ 0.19791132  0.42674282  0.12804222 ...  0.38051853  0.4364353
 -0.40661508]"
201810,"[ 0.1665179  -0.10398129  0.11892575 ... -0.55033576 -0.62725407
  0.39663476]"
736190,"[-0.6952473  -0.33024505  0.41507626 ... -0.46041882 -0.7403228
 -0.7740521 ]"
373420,"[ 0.36063704 -0.35946006  0.15702772 ... -0.09845523 -0.42903176
  0.2949265 ]"
32400,"[ 0.20752546 -0.09789009 -0.04785028 ... -0.23894073 -0.5415201
  0.14598031]"
242920,"[-0.06372206  0.12797916 -0.3591291  ... -0.32732558 -0.12425648
  0.47017327]"
91600,"[ 0.64890814  0.485984   -0.39425325 ... -0.0629641  -0.48498058
 -0.25297385]"
212800,"[ 0.60429686  0.16159846  0.16616929 ...  0.00488674 -0.10627313
 -0.19962221]"
39000,"[ 0.9271725   0.974083   -0.06162425 ... -0.3865935  -0.6426458
 -0.22987707]"
307690,"[ 0.36688238  0.15187985 -0.00190502 ...  0.20341273 -0.5639263
  0.32703862]"
298630,"[ 0.45518783  0.23057686 -0.84483767 ... -0.20675425  0.4435059
 -0.25684172]"
10680,"[ 0.47032544  0.30022788 -0.00645402 ... -0.6690609  -0.09569579
 -0.71992284]"
236430,"[-0.19676508  0.08131097 -0.2250456  ... -0.29030767 -0.90983623
 -0.13813752]"
287700,"[ 1.1510967   0.15634835 -0.39965746 ... -0.7649191  -0.16146922
  0.5663895 ]"
417860,"[ 0.683324    0.1879867  -0.490454   ...  0.23413719 -0.02870114
 -0.6070182 ]"
493340,"[ 0.2580338   0.4519689   0.10259838 ... -0.30000028 -0.2193726
 -0.10577282]"
234650,"[ 0.67596674 -0.00455751  0.11319719 ...  0.3093362  -0.20084536
  0.30329368]"
367500,"[ 0.18465    -0.14936903  0.6715962  ... -0.06008673 -1.2930773
 -0.12235569]"
23490,"[ 0.7611884   0.35429773  0.03867632 ...  0.06710012 -0.02997154
 -0.18086435]"
233270,"[ 0.9162897   0.27325165  1.0103134  ... -0.00615373 -0.3071823
 -0.6147363 ]"
323190,"[ 0.27973753  0.08296151  0.16706626 ... -0.37248138  0.36979452
 -0.23021914]"
242050,"[ 0.93333733  0.04726247  0.21353629 ...  0.11647218 -0.6991621
  0.086272  ]"
530620,"[ 0.508481    0.6432318  -0.62703186 ... -0.06640404  0.06638582
 -0.45349357]"
310560,"[ 0.25227863  0.37957597 -0.3913265  ... -0.10453567  0.40375385
 -0.17859016]"
12810,"[ 0.42048907 -0.31165645  0.26698178 ... -0.29629564 -0.20448218
 -0.54462534]"
439190,"[ 0.28418082  0.10925619  0.22199412 ...  0.37685424  0.00063219
 -0.01431886]"
322500,"[ 0.54529303 -0.11309306 -0.71806824 ...  0.105095   -0.1871775
 -0.01761451]"
438040,"[ 0.5804872  -0.16703595  0.02979613 ...  0.195905    0.21636838
 -0.56044656]"
394360,"[ 0.6294476  -0.8041036   0.5679539  ...  0.39595333  0.10872859
 -0.33179688]"
9350,"[ 0.14170659 -0.09097104 -0.16920593 ...  0.4431248  -0.24194738
 -0.42136362]"
24740,[0.5642857  0.22028738 0.25798315 ... 0.2403013  0.42664355 0.24498118]
594570,"[ 0.03611461  0.0816893   0.7638973  ...  0.28932416 -0.2872236
  0.30822992]"
274940,"[ 0.9320304   0.5725085  -0.55145305 ... -0.29379156 -0.68740314
 -0.26478437]"
16450,"[ 0.4540314   0.49361092 -0.07350548 ... -0.18073529 -0.40310055
 -0.6605366 ]"
291650,"[ 0.4341484   0.3410019  -0.19851846 ... -0.46623945 -0.8248915
 -0.43619934]"
12100,"[ 0.99691445  0.5659596   0.13597643 ... -0.26412332 -0.9996384
  0.52702504]"
205230,"[ 0.96512645  0.11055887 -0.04209994 ... -0.29260084 -0.4424982
  0.19095655]"
96100,"[ 0.08304257  0.41135737 -0.39446816 ... -0.50230145  0.00656059
 -0.51878285]"
110800,"[ 0.6464888   0.37214935 -0.19456087 ...  0.13043879 -0.42004558
  0.57606477]"
2400,"[ 0.5807986   0.14974096 -0.26067793 ...  0.35456133 -0.6240851
 -0.46873736]"
3990,"[ 0.5434174  -0.24534246  0.8513355  ... -0.09899666 -0.10738132
 -0.20778319]"
335300,"[-0.13400516  0.25501597  0.6017253  ...  0.14205337 -0.6736073
  0.4753842 ]"
242700,"[ 0.34686393 -0.03272225 -0.79327697 ...  0.3590934  -0.6565264
  0.42240232]"
266840,[0.5206837  0.26719388 0.61591184 ... 0.13461892 0.13792974 0.14710468]
40100,"[ 0.22294155 -0.3082456  -0.19225301 ...  0.03632271 -0.11991645
 -0.175503  ]"
48720,"[-0.05019987 -0.24108826  0.8397696  ...  0.46022245 -0.03924107
 -0.01392223]"
6850,"[-0.01904193  0.48699334 -0.5427102  ... -0.46503803 -0.9274536
  0.32407355]"
263280,"[ 0.5199153   0.3529872  -0.4796324  ...  0.22067694  0.45525116
 -0.23586802]"
21690,"[ 0.60463476  0.01841008 -0.41612753 ...  0.00180537  0.198969
 -0.50301385]"
200170,"[ 0.21586269 -0.37064824 -0.30471778 ... -0.09845047  0.15307157
  0.11652386]"
33230,"[-0.26895773  0.3530749   0.5756989  ... -0.39731604 -0.8169576
  0.03896132]"
462780,"[ 0.00502941  0.02501533  0.3937765  ... -0.31770545 -0.14185518
  0.08227262]"
4920,"[ 0.11665939  0.01968888  0.06510293 ... -0.33521777  0.00818677
 -0.4827988 ]"
361420,"[ 0.19128895  0.76041615 -0.8826709  ... -0.55557805 -0.6890648
 -0.3071698 ]"
383080,"[ 0.10776094 -0.01974766 -0.50512165 ... -0.31272468 -0.5446238
  0.04161303]"
205950,"[ 0.4127253   0.32798868 -0.0616894  ...  0.449539   -0.13143831
 -0.11441634]"
206500,"[ 0.06903352  0.40883186 -1.1905149  ... -0.24982917 -0.40407085
 -0.43354326]"
474960,"[ 0.339546   -0.2865586  -0.32987794 ...  0.20597585 -0.2611402
  0.32405078]"
444640,"[ 0.38534918  0.16892283  0.19045916 ...  0.44406092 -0.10289965
 -0.08992869]"
582160,"[-0.05031731  0.47399265  0.18459013 ... -0.39192155 -0.9423618
  0.14971052]"
70000,"[ 0.54935163  0.63091415  0.24410003 ...  0.04304277 -0.614036
  0.44638306]"
302510,"[ 0.84481573  0.16818894  0.4063541  ... -0.08281469  0.09699207
 -0.11206942]"
349040,"[-0.21843198 -0.11479376 -0.41207337 ... -0.24061519 -0.17006263
  0.07617605]"
242860,"[-0.23850016 -0.42861715  0.12922285 ...  0.29687694 -0.3154534
  0.8633116 ]"
204100,"[ 0.90100986  0.11516386  0.06094175 ...  0.16776414 -0.4709908
  0.21426775]"
236850,"[ 0.14536163 -0.15396357 -0.03389838 ... -0.32304937  0.12018651
 -0.2578242 ]"
8600,"[-0.15084705 -0.08387535  0.13720891 ... -0.59843326  0.42650458
 -0.38514143]"
33900,"[ 0.5327075   0.41835377 -0.5237141  ... -0.3368706  -0.2756853
  0.28874534]"
12200,"[ 0.57924604  0.13349387  0.3312472  ...  0.6210245  -0.138561
 -0.00276658]"
17300,"[ 0.22164063  0.30177653 -0.03741645 ... -0.47411305  0.1962785
 -0.9136444 ]"
285800,"[ 0.62367094  0.3143894   0.03683203 ...  0.37099993 -0.26810417
  0.33262983]"
289130,"[ 0.4208196   0.78473973 -0.02315237 ...  0.05791777  0.015381
 -0.5993248 ]"
250400,"[ 0.4902669   0.29776368 -0.9263533  ...  0.09780569  0.01081624
 -0.23390701]"
39210,"[-0.2414258  -0.022724   -0.40260074 ...  1.1563613  -0.4631856
  0.6666814 ]"
233720,"[ 1.1607699   0.06047512 -0.39526707 ... -0.5835254   0.10717607
 -0.2652883 ]"
812140,"[ 0.1843373   0.30122367 -0.2966807  ... -0.19140825 -0.62941104
 -0.06692892]"
823130,"[ 0.5801467   0.3855232  -0.34703353 ...  1.0743965   0.57058805
 -0.33633453]"
403640,"[-0.18263334 -0.0126165  -0.32159668 ... -0.35335946 -0.24223936
  0.06404519]"
558100,"[ 0.29934743  0.17143963  0.12456099 ...  0.6751462  -0.13329601
  0.1184497 ]"
47870,"[ 0.30567408  0.3607925   0.2230698  ... -0.36194772  0.34562933
  0.17036816]"
268500,"[ 0.25325108  0.22113864  0.00542478 ... -0.5161053  -0.53498584
  0.10596115]"
466910,"[ 0.35284504  0.19166559 -0.5170044  ...  0.12016077 -0.27386668
 -0.36535773]"
208140,"[ 0.24065164  0.67098546  0.24142313 ... -0.07478202 -0.3256044
 -0.44104907]"
24800,"[ 0.615885   -0.03695352 -0.47357765 ...  0.0199715  -0.0844538
 -0.762909  ]"
44350,"[ 0.4736262  -0.01893642 -0.22783381 ... -0.5270025   0.0717947
  0.09970902]"
578310,"[ 0.5087025  -0.21524048 -0.26023895 ... -0.36133036 -0.03427652
  0.17851199]"
235540,"[ 0.31072116 -0.15728532 -0.07101837 ...  0.01590841 -0.11244868
  0.03317841]"
232010,"[ 0.85830957  0.1828579  -0.46358052 ... -0.06978889  0.02278573
 -0.27373466]"
314160,"[ 0.15546016  0.10603733  0.544866   ...  0.42637008  0.17061517
 -0.2604024 ]"
262280,"[ 0.8779148   0.5444463  -0.02573013 ... -0.08360127 -0.93238884
 -0.15330057]"
238090,"[ 0.88810724 -0.08126715 -0.9422255  ... -0.7139529  -0.53935784
  0.33733928]"
240720,"[ 0.23211606 -0.374981    0.10887592 ...  0.13971664 -0.3710905
 -0.3181363 ]"
221040,"[ 0.4502854   0.21363454  0.16163053 ... -0.04560149 -0.33797333
 -0.50068873]"
269210,"[ 0.33720112  0.01128503 -0.40477294 ... -0.00619734 -0.29657382
  0.20540194]"
298110,"[ 1.0589261  -0.02682336 -0.6588912  ... -0.7235079   0.41416094
 -0.10601172]"
253980,"[-0.4819907  -0.16029358 -0.11828505 ... -0.03131957 -1.0332121
 -0.32007518]"
238370,"[ 0.3028587   0.19305454  0.2860232  ...  0.08081278 -0.6337403
  0.34370616]"
356190,"[ 0.42524174 -0.56417376 -0.2990306  ... -0.5721664  -0.6971385
  0.58205795]"
16810,"[ 0.4491987  -0.20068169  0.70497566 ... -0.0597884  -0.82218945
 -0.10792067]"
263500,"[ 0.6152702   0.7627579   0.219441   ...  0.7317375  -0.48351163
 -0.03312024]"
65790,"[ 0.49219412  0.16680105 -0.5928691  ... -0.09442142 -0.32662803
  0.03087854]"
40390,"[-0.03391621 -0.3456385   0.1735756  ... -0.25655562 -0.79278076
  0.05387247]"
513780,"[ 0.60936457  0.5071633   0.30598763 ... -0.48380846  0.18100813
 -0.43801358]"
215080,"[ 0.26206148  0.5315193   0.3870698  ... -0.28349888 -0.3589216
 -0.09103697]"
9200,"[ 0.12143262  0.47225904 -0.21118788 ... -0.33762994 -0.79060066
  0.18209754]"
884660,"[ 0.03736343  0.21918015 -0.39348254 ...  0.21546966  0.28452376
 -0.02014026]"
24780,"[ 0.6296157   0.3453912   0.2701651  ...  0.04927333 -0.18774514
  0.11970864]"
379430,"[ 0.27364105 -0.3261877   0.15722497 ... -0.03059356  0.19228698
 -0.15739553]"
9900,"[ 0.35317153  0.44764858 -0.15447468 ... -0.12546794 -0.26837352
 -0.65709144]"
234630,"[ 0.59396225  0.71826106 -0.32738554 ... -0.41703975  0.07093003
  0.02002058]"
245620,"[ 0.54952854  0.4946591  -0.09423513 ...  0.00275938 -0.34787616
 -0.16647038]"
237310,"[ 0.6204458   0.03378838 -0.7455808  ...  0.03437016 -0.26405242
  0.6300862 ]"
630100,"[ 0.18362635  0.53816164 -0.70969176 ...  0.02328295 -0.9068161
  0.8303956 ]"
601510,"[-0.12548207  0.546866    0.21798557 ... -0.21141504 -0.53158355
  0.3615515 ]"
261110,"[ 0.5506642  -0.15426224 -0.6819985  ... -0.44851625 -0.8164934
 -0.15262833]"
339280,"[ 0.2322825   0.07180782 -0.23871683 ... -0.0595779  -0.24083671
  0.1224118 ]"
19900,"[ 0.50296897  0.37507474 -0.1084909  ... -0.37022373 -0.24109685
 -0.40770495]"
268850,"[ 0.02406367  0.77136195 -0.29912075 ...  0.07184901 -0.6184573
 -0.14541775]"
364360,"[-0.10784433  0.06884793  0.6947275  ...  0.5442621   0.34431675
 -0.00328137]"
342200,"[ 0.1561589   0.23704855 -0.0749423  ... -0.07833547 -0.11690083
 -0.4147465 ]"
307780,"[ 0.36678103  0.39213634 -0.34497738 ... -0.0938139  -0.48829082
 -0.05140428]"
8500,"[ 0.02800527  0.6657343  -0.71217346 ... -0.19791768 -0.080634
 -0.10082836]"
560380,"[ 0.05661809 -0.00743701  0.24594875 ...  0.08237138 -0.37265277
  0.4525577 ]"
594650,"[ 0.34266087  0.29843003 -0.25137568 ... -0.11822876  0.11030396
  0.1364035 ]"
306130,"[ 0.14689843 -0.10451276 -0.19808985 ... -1.0087423  -0.5236075
 -0.10582909]"
310370,"[-0.07577442 -0.05963922  0.1331591  ... -0.01260483 -0.11141002
 -0.06219793]"
388410,"[ 0.419495    0.08606562  0.24045007 ... -0.2504971  -0.9259136
 -0.39404532]"
453480,"[ 0.07570788  0.57791954  0.21642579 ...  0.28408414 -0.30686447
  0.38391307]"
265590,"[ 0.5902778   0.29334155 -0.2687973  ...  0.20972359  0.00559614
 -0.544428  ]"
325610,"[ 0.2963022  -0.41892186  0.3769926  ...  0.31557867  0.3878703
 -0.3630088 ]"
460930,"[ 0.42977577  0.49224132 -0.5220943  ... -0.02661155 -0.15293835
  0.07938424]"
55110,"[ 0.9335602   0.5359178   0.01316168 ...  0.05749845 -0.33710378
 -0.42633143]"
6900,"[ 0.7727243   0.23765735 -0.16118215 ... -0.14633256 -0.47810277
  0.47614953]"
21100,"[ 0.6723596  -0.10122     0.12936614 ... -0.41740108 -0.33794072
 -0.12973788]"
427730,"[ 0.19512407 -0.03680735 -0.3223843  ... -0.36806175 -0.45824492
 -0.233935  ]"
364470,"[ 0.08568666  0.08187495  0.36406714 ... -0.19425751 -0.44918537
 -0.39467758]"
208650,"[ 1.0132928   0.8278431  -0.12840213 ...  0.17538977 -0.46261683
 -0.06592456]"
9880,"[ 0.19207422  0.13903907  0.04263344 ... -0.00110582 -0.49784064
  0.13315508]"
238430,"[ 0.2476258   0.5109208  -0.67998683 ...  0.61976963  0.05941303
 -0.2381396 ]"
1930,"[ 0.05919435 -0.02726917  0.02206738 ...  0.15345767 -0.25705665
  0.19344881]"
212160,"[-0.14009283  0.38376725  0.46860427 ... -0.4288034  -0.9217526
 -0.01110218]"
34870,"[ 0.26823828  0.47637352 -0.41989014 ... -0.6280543  -0.42296696
  0.12882361]"
32380,"[ 0.18735343  0.49573374  0.36938533 ... -0.29176092 -0.50126326
  0.36402017]"
202750,"[ 1.1882226   0.11879469 -0.47418368 ... -0.18105271 -0.6852005
 -0.25244007]"
239160,"[ 0.8704817   0.2718102  -0.21773146 ... -0.25772738 -0.4395974
  0.5527988 ]"
351030,"[ 0.4432807  -0.22963981 -0.9367654  ...  0.3254953   0.396121
  0.07985891]"
359320,"[ 0.28085616  0.04312262  0.06483132 ... -0.06180273 -0.41220355
 -0.21412584]"
47790,"[ 0.27822757 -0.05265135 -0.7067972  ... -0.42880785 -0.29355955
 -0.07821316]"
285900,"[ 0.9336317   0.42903692  0.296597   ... -0.5917042  -0.20915176
  0.28658444]"
536930,"[ 0.5743375  -0.19489177  0.08081836 ...  0.4277573  -0.6047337
  0.3540386 ]"
744900,"[ 0.6952284   0.53740215 -0.70577663 ... -0.09631833 -0.10328707
 -0.249745  ]"
346330,"[ 0.7532024  -0.19968611 -0.23428664 ...  0.02906725 -0.39693996
  0.0361512 ]"
337000,"[ 0.15983103 -0.07055206 -0.04748913 ... -0.3366023  -0.40048328
  0.01030851]"
343710,"[ 1.1614637  -0.50605553 -0.5899899  ... -0.10118267  0.39094335
  0.36674088]"
209670,"[ 0.6779109   0.17653671 -0.08754029 ... -0.08671966  0.16896242
 -0.11002669]"
216150,"[ 0.3251066  -0.09330218 -0.07938419 ...  0.10763904 -0.6700057
  0.36379552]"
215280,"[ 1.0771351   0.5037769   0.04480742 ... -0.09454589 -0.6991787
  0.2071415 ]"
537180,"[ 0.6321809   0.56453776 -0.3432379  ... -0.20410164 -0.6163071
  0.81503   ]"
1900,"[ 0.41110706  0.5654486   0.11556899 ... -0.14491683 -0.5513599
 -0.35317948]"
6880,"[ 0.33832145  0.8093388  -0.32534805 ... -0.02360728 -0.00724677
  0.2932527 ]"
232050,"[ 0.10067257 -0.1336665  -0.15033329 ...  0.11913408 -0.0571298
 -0.07139025]"
57900,"[ 0.69091904  0.23548348  0.40214884 ... -0.25962278 -0.23442234
 -0.26950538]"
442080,"[ 0.15239426  0.58607596  0.14331812 ...  0.27121118  0.29247218
 -0.5134205 ]"
244930,"[ 0.08049308  0.8024621   0.06252057 ... -0.21853428  0.17960565
 -0.11515164]"
47410,"[-0.0094797   0.12117643  0.18083839 ...  0.21715751 -0.01584361
 -0.292772  ]"
240320,"[ 0.34820718 -0.20627473  0.5464494  ... -0.07422858 -0.03128707
 -0.3863693 ]"
293540,"[ 0.78073955  0.8048696   0.00523686 ...  0.20867993 -0.39733526
 -0.05118946]"
513710,"[ 1.0087849   0.16358382 -0.02433938 ... -0.3586696  -0.257921
  0.03441094]"
397900,"[ 0.7904075   0.3770604   0.28976938 ...  0.06427915 -0.7993259
  0.40903252]"
582660,"[ 0.16664656  0.27029696 -0.25281164 ...  0.29888198 -0.1512876
  0.6797481 ]"
624090,"[ 0.5977572  -0.44431877 -0.19415627 ... -0.21896906 -0.5222694
  0.21847314]"
298260,"[ 0.44938228  0.15279156 -0.43584874 ... -0.0370245  -0.00538295
 -0.3417395 ]"
32430,"[-0.45657748  0.09492271  0.3385817  ...  0.17416933 -0.0787288
  0.5595382 ]"
550900,"[ 0.62964404  0.36409262  0.35064763 ...  0.04883498 -1.3469548
  0.02048582]"
24010,"[ 0.21737105 -0.28163654  0.125749   ...  0.2521708  -0.06654602
 -0.18494183]"
311210,"[ 0.6775631   0.10454046  0.13661954 ... -0.7359715  -0.64039576
  0.15258698]"
22350,"[ 0.32865947  0.23487504 -0.3378031  ... -0.12903216 -0.8438282
  0.38722888]"
303390,"[-0.15992394  0.11916789 -0.17084825 ... -0.5881403   0.03501556
  0.15078661]"
32500,"[-0.569709    0.38424468  0.3028602  ... -0.3267446  -0.17295784
 -0.01805414]"
809960,"[ 0.3998095   0.38244098  0.17530124 ...  0.82932395 -0.00925271
 -0.8236637 ]"
209160,"[ 0.73023474  0.20377462 -0.6598079  ... -1.0639629  -0.5501807
 -0.04678402]"
34830,"[ 0.46481076  0.58749586 -0.83874303 ... -0.490993   -0.37744784
  0.19338311]"
65980,"[ 0.47125617  0.40734792  0.2635908  ... -0.47589418 -0.5823201
 -0.51627433]"
275850,"[ 0.56433564  0.613987    0.08748948 ... -0.135581   -0.41325402
 -0.39295223]"
304030,"[ 0.7357631   1.0207328  -0.1259899  ...  0.10287564 -0.6276739
  0.12461396]"
332070,"[ 0.7643776   1.3173268   0.25541958 ...  0.34347776 -0.5348543
  0.22475988]"
457330,"[ 0.01055326  0.50982404 -0.29949352 ... -0.13479826  0.2257275
 -0.2576887 ]"
360430,"[ 0.80285454  0.55096024 -0.05846728 ... -0.24957913 -0.1260003
  0.75776976]"
583950,"[ 0.19178562  0.29983094  0.05895021 ... -0.37234032 -0.04734476
  0.62534195]"
211160,"[ 0.3175524  -0.10790133  0.18202205 ... -0.12643087 -0.61465496
 -0.09100107]"
337950,"[ 0.41971517  0.42227083 -0.01353992 ...  0.15640476 -0.4390538
 -0.50483537]"
834910,"[ 0.7448525   0.63568187 -0.44260564 ...  0.3800923  -0.18227504
  0.00260448]"
577800,"[ 0.27666524  0.75138205 -0.23042819 ... -0.22386844 -0.32008916
  0.02588929]"
730310,"[-0.18688248  0.32272437  0.26988566 ... -0.32032728 -1.0092789
 -0.03764444]"
264200,"[ 0.19783123  0.81537896  0.24231033 ...  0.10669641 -0.62538534
 -0.03712796]"
341800,"[ 0.43547058  0.5002081  -0.76445764 ...  0.2411596  -0.4315292
  0.00495601]"
351640,"[ 0.26277354  0.6136611  -0.5156861  ...  0.5714234  -0.322627
 -0.20153451]"
511470,"[-0.17199424 -0.10454091 -0.96455806 ...  0.65398884 -0.7639682
  0.43773574]"
206190,[0.50960636 0.09976399 0.04668633 ... 0.28708857 0.04588985 0.34380883]
420110,"[ 0.18019527  0.79183525 -0.35327402 ...  0.3832496   0.18772621
  0.25990683]"
644560,"[-0.10998613 -0.01547258  0.13349412 ... -0.15193768  0.1878271
 -0.14016214]"
18500,"[ 0.06594852  0.19374958 -0.5620888  ...  0.04071287 -0.10809899
  0.25466904]"
250760,"[ 0.5064494   0.7101889   0.01422317 ... -0.11878444 -0.22800693
  0.01918406]"
287980,"[ 0.37597293  0.003489   -0.10482852 ...  0.44977462 -0.36171952
 -0.0716906 ]"
348250,"[ 0.01389626  0.95118815 -0.75104547 ... -0.36323315 -0.28353485
  0.2424344 ]"
339800,"[ 0.42028624 -0.35768884 -0.13707402 ...  0.3290302   0.46225283
  0.05318627]"
242680,"[ 0.8361712  -0.00164839 -0.21223868 ...  0.31072095 -0.30394763
 -0.26317093]"
231160,"[ 0.16538617 -0.07733248 -0.7958694  ... -0.16005182  0.14174539
 -0.30300277]"
302380,"[-0.04364359  0.59115934 -0.3528343  ...  0.4161959  -0.05903359
 -0.7975133 ]"
418240,"[ 0.3162841  -0.0211536  -0.2969511  ... -0.04222151 -0.54947466
  0.2486832 ]"
200900,"[ 0.684959    0.48545748 -0.54609966 ...  0.00841022 -0.00370097
 -0.40844107]"
312530,"[ 0.6316305   0.47933745  0.06330939 ...  0.49958962 -0.34835553
  0.55249214]"
333600,"[ 0.29474038  0.8365349  -0.15377355 ...  0.43800753 -0.01703269
  0.12774058]"
282140,"[ 0.9215888   0.35606477 -0.32020837 ... -0.42421567 -0.71605676
 -0.06614836]"
304430,"[ 0.74063265 -0.00411413 -0.8574463  ... -0.07543042 -0.45657378
 -0.08699863]"
40700,"[ 0.791235    0.10833278 -0.3770336  ...  0.05698432 -0.28709996
  0.3826156 ]"
450390,"[ 0.2710955   0.22873732 -0.38321733 ... -0.30358925 -0.2840587
 -0.19570565]"
296470,"[ 0.2742234  -0.12892666  0.4330035  ... -0.0609719  -0.06643549
 -0.6076682 ]"
49600,"[-0.0590811   0.7435021  -0.71067303 ...  0.55771446 -0.22532797
 -0.90084016]"
94200,"[ 1.0587215  -0.14658388 -0.40477604 ... -0.01899509 -0.03377636
 -0.55484307]"
32360,"[ 0.55311805  0.11640888  0.02642715 ... -0.00416951 -0.30928996
 -0.17969215]"
871720,"[ 0.36393198  0.22464584 -0.3813285  ... -0.05989491  0.04368207
 -0.09194179]"
386940,"[ 0.89018714  0.27066675  0.09330083 ... -0.2158177   0.10898374
 -0.23510118]"
2600,"[-0.01427743 -0.2323659  -0.4442725  ...  0.02565799  0.32766658
 -0.27001148]"
220780,"[ 0.3698032   0.26418048  0.17440824 ...  0.03088829 -0.45721835
 -0.94886416]"
434570,"[ 0.8899794  -0.20887175 -0.08746067 ... -0.2614209  -0.40195596
 -0.25348526]"
248610,"[ 0.32608336  0.6938909  -0.56740797 ... -0.8049252  -0.08318811
 -0.24519749]"
98800,"[ 0.24608481 -0.41214994 -0.22192197 ...  0.08096043 -1.007156
  0.1784654 ]"
207170,"[ 0.29552445  0.17608117 -0.28368786 ... -0.2813466  -0.31507224
 -0.2593808 ]"
382490,"[ 0.36411896  0.7754431   0.20658095 ...  0.24971898  0.1873468
 -0.30364197]"
220700,"[ 0.13948835  0.40887323 -0.32001284 ... -0.16186127 -0.01058677
  0.04722587]"
2990,"[-0.39295638  0.3335233   0.5880445  ... -0.08992524  0.39800176
 -0.81851614]"
365300,"[ 0.12458152  0.36951077 -0.16365041 ... -0.15100704  0.16379145
 -0.67613244]"
238210,"[ 0.41912073  0.3360321   0.2849139  ... -0.22355144  0.249256
 -0.6423839 ]"
385800,"[ 0.29568356  0.86169726 -0.3116239  ...  0.2698745   0.1690018
 -0.01978396]"
253030,"[ 0.545612    0.5353564  -0.27831864 ...  0.51624453  0.06579289
 -0.8650203 ]"
257850,"[ 0.30218503 -0.04842307 -1.0512416  ...  0.36411816 -0.03900417
 -0.5820389 ]"
217200,"[ 0.94707525  0.25532594 -0.25037614 ... -0.05827373  0.16679525
  0.2813116 ]"
564710,"[ 0.4744934   0.45798215 -0.05071079 ...  0.10430634 -0.30096596
 -0.21254748]"
261180,"[ 0.43820542  0.75971234 -0.4527216  ... -0.4991536  -0.22538292
  0.20237745]"
12150,"[ 0.5592491  -0.50239676 -0.15815675 ...  0.5890108  -0.60863477
 -0.19796248]"
409160,"[ 0.76153374 -0.33437714 -0.2666626  ...  0.15311973  0.1304592
  0.29528776]"
214770,"[ 0.67013395  0.07995601 -0.6378627  ... -0.02865772 -0.18562345
  0.1658641 ]"
2280,"[ 0.6579819  -0.11068624 -0.22352917 ... -0.0447487  -0.08907727
  0.08133487]"
554620,"[ 0.05638825 -0.39115903  0.25933197 ...  0.5783825   0.4339253
 -0.56256115]"
221260,"[ 0.5144258   0.5484266  -0.08442323 ...  0.3744368  -0.53579885
 -0.1232738 ]"
457140,"[ 0.6911785   0.40850738 -0.18001762 ... -0.06328248  0.0499393
 -0.74079305]"
2300,"[ 0.9348913   0.38509375 -0.42641395 ... -0.51578593 -1.2488225
 -0.6300579 ]"
3920,"[ 0.7656836   0.18680601  0.13178958 ...  0.14829902 -0.78894365
 -0.0504337 ]"
313730,"[ 0.45442507  0.47607583  0.1925369  ...  0.16596425 -0.44611618
 -0.551375  ]"
285310,"[ 0.80753016  0.267573    0.23885556 ...  0.5248409  -0.0177038
 -0.09186118]"
263980,"[ 0.25808558  0.18239373 -0.66186816 ... -0.5856     -0.28617853
 -0.3610768 ]"
256290,"[ 0.08721753 -0.25902897 -0.11797971 ... -0.09989313  0.27748466
 -0.29926243]"
17450,"[-0.08039429  0.3580918   0.70630264 ... -0.24169616 -0.9060355
 -0.3900484 ]"
252410,"[ 0.46435362  0.855326   -0.18903428 ... -0.41256297 -0.88479465
  0.06302487]"
243970,"[ 0.0218129   0.1515374  -0.65308815 ... -0.20824847 -0.1065723
  0.35614744]"
107310,"[ 0.58459234 -0.21627192  0.48437643 ...  0.20522796 -0.01220908
 -0.27359143]"
286100,"[ 0.48377293  0.29460725 -0.2916997  ...  0.08588596  0.026893
 -0.35428643]"
249130,"[ 0.2217507   0.27598402 -0.01432631 ... -0.5370834  -0.452684
  0.3012405 ]"
384190,"[ 0.559683    0.41584218 -0.33993343 ... -0.5591102  -0.73159367
  0.17401408]"
12710,"[ 0.30248782 -0.1881069   0.07760384 ... -0.1613174  -0.36997563
 -0.26851752]"
224480,"[ 0.6402266  -0.58025265 -0.10054122 ...  0.15725121 -0.09972192
  0.00235086]"
548430,"[ 0.90866953  0.33771697 -0.34312356 ... -0.39261013 -0.28430703
 -0.4607314 ]"
845070,"[ 0.91248727  0.10515543 -0.01126051 ... -0.29921106  0.37666076
 -0.11932934]"
204030,"[ 0.02284854 -0.36052728  0.08342481 ... -0.0586211  -0.4978512
 -0.48646393]"
7650,"[ 0.6409789   0.4691218  -0.12209035 ... -0.5592734  -0.6517645
 -0.49472976]"
235460,"[ 0.33652118  0.40088347 -0.49110764 ... -0.23132716 -0.42179185
  0.07181362]"
32440,"[ 0.5183584   0.658208    0.41472292 ... -0.4356472  -0.2106855
 -0.33291906]"
250600,"[ 0.6311837   0.14641355 -0.49277917 ...  0.0611929   0.6099548
 -0.7513623 ]"
218060,"[ 0.5733519   0.5018246  -0.20907222 ... -0.1827979  -0.1291258
 -0.54169685]"
71340,"[ 0.39881796  1.0521321  -0.05600315 ... -0.14474352  0.4453746
 -0.40683508]"
246900,"[ 0.3006638   0.1649806   0.35755548 ... -0.335401    0.02829328
 -0.31324977]"
107200,"[ 0.55231386  0.5558795   0.23893894 ...  0.20535953 -0.37681532
 -0.04581379]"
92800,"[-0.22339879  0.2975659  -0.05506837 ... -0.24557574 -0.6300692
 -0.42769116]"
205910,"[ 0.5890427  -0.19383982  0.37964267 ...  0.14533374  0.3624598
 -0.24523391]"
414340,"[ 0.3349311   0.03119195  0.06015536 ...  0.07156239 -0.5674966
  0.09475145]"
211600,"[ 1.0686824   0.22413509 -0.36762178 ... -0.26480958 -0.27883467
  0.6303539 ]"
418370,"[ 0.43364796  0.5290132  -0.17923763 ... -0.06933541  0.24829824
 -0.30295625]"
447020,"[ 0.94112545  0.43836904 -0.01883923 ...  0.20496109 -0.5163027
  0.33958542]"
287450,"[-0.18457337  0.13239957  0.2533934  ...  0.20560497  0.28113014
  0.2708213 ]"
12180,"[ 0.7551298   0.5062334  -0.1834102  ... -0.6577025  -1.2294656
  0.15734378]"
394510,"[ 0.8861815   0.33947358 -0.17937438 ... -0.2209836  -0.47895333
 -0.01658167]"
294860,"[-0.13592     0.00066236 -0.06531969 ...  0.11994205 -0.13559741
 -0.12326057]"
35130,"[-0.27099547  0.2656285  -0.41075596 ... -0.21090977 -0.4295806
  0.16358922]"
1510,"[ 0.29924807 -0.03053269 -0.66053164 ...  0.20155196  0.17991267
  0.29333916]"
508440,"[ 0.79648596  0.18542518  0.40628922 ...  0.8033295   0.22912882
 -0.3722431 ]"
460790,"[-0.14191924  0.06155281 -0.23160373 ... -0.21025747 -0.4074024
 -0.31729427]"
326960,"[ 0.39449528  0.12156657 -0.09714256 ... -0.6493471  -0.32121643
 -0.0524357 ]"
553640,"[ 0.47303718  0.39530328 -0.08111652 ... -0.21807575 -0.06773764
  0.07761918]"
221680,"[ 0.3942167   0.7452151  -0.23778401 ...  0.15289381 -0.43540913
  0.16494095]"
220260,"[ 0.60817146  0.426158    0.43696827 ...  0.14493781 -0.21395311
  0.28272447]"
448510,"[-0.11704362 -0.15725672 -0.433961   ... -0.27027395  0.11339551
  0.00187736]"
668630,"[ 0.40188748 -0.5445176   0.442137   ...  0.35175917 -0.2706586
 -0.5506079 ]"
266510,"[-0.05160121  0.6089432  -0.07325111 ...  0.39433733 -0.2815856
 -0.22136176]"
22180,"[ 0.39380732  0.24602297 -0.12976618 ... -0.5681383  -0.52152675
 -0.41625434]"
320300,"[ 0.66662765  0.6067537  -0.40298912 ... -0.13716027 -0.12694795
  0.15896416]"
437900,"[-0.25912976  0.80617523  0.2741392  ...  0.2568802   0.1608799
 -0.67994523]"
329050,"[ 0.54682714 -0.08576966  0.15888624 ...  0.09332729 -0.6278421
  0.31846014]"
284160,"[ 0.2538226   0.54605293 -0.36007935 ...  0.07354766  0.06209416
 -0.16676287]"
418070,"[ 0.301351    0.36765137 -0.09320195 ... -0.18996328  0.49396792
 -0.5182366 ]"
666140,"[ 0.22536968  0.31160408 -0.09643187 ...  0.10666012 -0.25698954
 -0.46644616]"
375950,"[-0.40225416  0.24236557 -0.167737   ...  0.8303473  -0.17625907
 -0.14076698]"
313160,"[ 1.3264408   0.509202   -0.225733   ... -0.50247127 -0.24872294
  0.39786318]"
397340,"[ 0.6172508   0.6378892  -0.820413   ... -0.03348021  0.08767971
 -0.5683078 ]"
304240,"[ 0.55381376  0.71955436 -0.15230381 ... -0.12454685  0.12066776
 -0.72871864]"
250180,"[ 0.69239306 -0.01803455 -0.3147883  ... -0.48647425 -0.9749325
 -0.03257873]"
332800,"[ 0.70369583  0.12623477  0.33576518 ... -0.54999095 -0.01255385
  0.1817004 ]"
404410,"[ 3.3899882e-01  1.1343659e+00 -1.0173729e-04 ... -3.9820746e-02
 -1.9245413e-01 -5.3352982e-01]"
234670,"[ 0.07612293 -0.01247712  0.20988365 ... -0.0928491  -0.00026715
  0.26166293]"
13250,"[ 0.4788728   0.08122521  0.11674321 ... -0.27967682  0.09191974
 -0.32223567]"
265210,"[ 0.18342918  0.28808132  0.05157733 ... -0.31134218 -0.30345064
 -0.06526003]"
475550,"[ 0.16751412 -0.7511599  -0.49119145 ... -0.34229845 -0.6108348
 -0.22981426]"
12140,"[ 1.0245633  -0.25133267 -0.12196825 ...  0.46006665 -0.385491
  0.00460822]"
239070,"[ 0.39851487  0.12812276 -0.41306114 ...  0.05784636  0.215748
  0.33819816]"
423230,"[-0.21143496  0.60049343 -0.32941562 ...  0.09229349 -0.22691303
 -0.10604486]"
228200,"[ 0.9871095   0.32171008 -0.08334556 ... -0.366204   -0.4213496
  0.0870503 ]"
20530,"[ 0.6374843  -0.31588134 -0.47399655 ... -0.2208749  -0.7538848
 -0.62287194]"
316790,[ 0.8814505 -0.0506684 -0.0333846 ... -0.4540105 -0.6252884 -0.533502 ]
300550,"[ 0.6305632   0.32951868  0.49558797 ...  0.17589633 -0.42692378
  0.2037034 ]"
359870,"[-0.0878813   0.5563326   0.5346133  ...  0.27779865 -0.04232868
 -0.85303247]"
13210,"[ 0.65079314 -0.03137884  0.26998958 ...  0.01805116  0.20022729
 -0.06524777]"
237990,"[ 0.61136675  0.14764762  0.5693506  ...  0.10180108 -0.37409633
 -0.13442452]"
214340,"[ 0.59931856 -0.27816352  0.11379629 ...  0.07849038  0.21807258
 -0.15013368]"
434650,"[-0.09312844  0.43379447 -0.24513438 ...  0.66687226  0.52409375
  0.05729832]"
666220,"[-0.12407108  0.66520864  0.24188167 ...  0.07276069 -0.1626387
  0.20399056]"
480490,"[ 0.36898133  0.5606106  -0.12249251 ...  0.23998551 -0.5228829
 -0.7454058 ]"
29180,"[ 0.07533971  0.26175955  0.06780946 ... -0.16169555 -0.72821575
 -0.28845173]"
258520,"[ 0.453599   -0.5381431  -0.3925968  ...  0.31647393  0.10535926
 -0.28666082]"
46500,"[ 0.8799863   0.07231539 -0.45871833 ... -0.0775901   0.0656593
 -0.04102388]"
222940,"[ 0.07146643  0.17175114 -0.03928687 ...  0.7881586  -0.0493136
  0.3141574 ]"
9310,"[-0.05461232 -0.0419937   0.5402382  ... -0.31263593  0.2701463
 -0.56806415]"
367450,"[ 0.15343966  0.8007088  -0.28591394 ...  0.09971555  0.02920296
 -0.42540523]"
222750,"[ 0.9346304   0.24793704 -0.19645366 ... -0.23471697 -0.286493
  0.4844005 ]"
204240,"[ 0.2790398   0.02402109 -0.23693801 ...  0.5588428  -0.62640816
  0.037182  ]"
7660,"[ 0.6697964   0.28607696  0.34443203 ... -0.27318957 -0.6599208
 -0.47265765]"
489520,[0.7090573  0.35649154 0.22120306 ... 0.39790183 0.19078971 0.2495392 ]
39150,"[ 2.3047177e-01 -3.4340858e-04  7.6137018e-01 ...  6.8421257e-01
  3.0813339e-01 -7.7661477e-02]"
385770,"[ 0.3951081   0.6142077  -1.0518703  ... -0.29175597 -0.82788837
  0.28577247]"
24790,"[ 0.60214776 -0.4261205   1.0582641  ... -0.21299197 -0.62571204
 -0.4888197 ]"
424840,"[ 0.64275473 -0.25685632 -0.27476817 ...  0.12252294 -0.5686652
 -0.09935924]"
350080,"[ 0.49282953 -0.23277149  0.24753256 ... -0.10710059 -0.68478686
  0.08544174]"
204340,"[ 1.2533275   0.1846863   0.21176086 ... -0.46124417 -0.7127834
 -0.00736818]"
42960,"[-0.12520203 -0.17739193  0.22349925 ... -0.3018437  -0.36291495
 -0.27669683]"
323470,"[-0.3582089   0.5538702   0.40917355 ... -0.3374018  -0.45125207
 -0.00445681]"
99700,"[ 0.05697675  0.56469464 -0.71434855 ... -0.00097855  0.15718867
 -0.4492213 ]"
380840,"[ 0.22600485  0.47660542 -0.34346044 ... -0.2661219  -0.30939695
 -0.32501477]"
214170,"[-0.10785946 -0.73479337 -0.02297127 ... -0.4363266  -0.35255566
  0.33198857]"
459820,"[ 0.66471565  0.48355174  0.22677311 ...  0.7490094  -0.12906444
 -0.64171463]"
31270,"[ 0.862069   -0.17146963 -0.5892689  ... -0.01659128 -0.7253542
 -0.08892573]"
6800,"[ 0.65152395 -0.01244522 -0.2944427  ... -0.13737063 -0.5181617
  0.40202636]"
345180,"[ 0.22242895  0.12298023  0.33962023 ...  0.34934026 -0.35965702
 -0.09516768]"
319510,"[ 0.58712804  0.22849162  0.17553933 ... -0.10654908  0.3393567
 -0.29461104]"
45760,"[ 0.5768756   0.29385072 -0.8401772  ...  0.14189576  0.2666835
 -0.15559553]"
94400,"[-0.28900692 -0.26850536  0.22025728 ... -0.00310466  0.06282835
  0.2615654 ]"
48190,"[ 0.25269684  0.41639766  0.43955138 ... -0.44294617 -0.9582536
 -0.21594828]"
292910,"[ 0.7151094   0.1443541   0.13611835 ...  0.12491626  0.40043163
 -0.11316424]"
589870,"[ 0.7730429   0.7119563   0.13896689 ...  0.06141522 -0.17186515
 -0.3547434 ]"
102500,"[ 0.07555793 -0.3227217  -0.32124332 ... -0.3001001  -0.3440705
 -0.06000751]"
249050,"[ 0.4994697   0.76446384 -0.18555659 ...  0.29329336 -0.03692334
 -0.3895812 ]"
622650,"[ 0.64409816  0.23922557 -0.04470452 ... -0.12579009 -0.35538855
  0.13774033]"
383980,"[ 0.38215584  0.27563575  0.30444393 ...  0.49225822 -0.23192747
 -0.20213017]"
1200,"[ 0.58127034  0.03494359 -0.6506953  ...  0.05980365 -0.78859526
 -0.02414616]"
225300,"[-0.2855478   0.61152554 -0.34197113 ... -0.27105677 -0.4990566
 -0.02351978]"
283880,"[ 0.50376016  0.3062248  -0.25080565 ...  0.05560871  0.05342288
 -0.29951277]"
251060,"[ 0.4326104   0.11886766  0.3073831  ...  0.14010553 -0.6642874
 -0.33294237]"
64000,"[ 0.5343988   0.07366321 -0.02344676 ... -0.43355238 -0.31683365
  0.14826311]"
323850,"[ 0.71941775  0.5210706  -0.53801    ... -0.34012955 -0.60021394
 -0.5540779 ]"
414700,"[ 0.34665462  0.00674909 -0.49384364 ... -0.5608445  -0.39298502
 -0.13152128]"
91200,"[-0.08253622  0.6344995  -0.51100606 ...  0.22506043 -0.28656083
  0.17403014]"
420290,"[ 0.9057012   0.38449994 -0.77162594 ... -0.2061471   0.14094698
  0.2953815 ]"
7000,"[ 0.45116094  0.9006191  -0.6313448  ... -0.186392   -0.5588755
 -0.11281061]"
70600,"[ 0.6318608  -0.27765104  0.19935746 ... -0.02246465  0.03625536
  0.58527696]"
209830,"[ 0.7771036   0.32567155 -0.41427228 ... -0.21166903  0.03257974
  0.13895929]"
12170,"[ 0.6646497   0.5763757  -0.3964058  ... -0.2560745  -0.8365711
  0.08409772]"
108600,"[ 0.4951303   0.20171843 -0.3284962  ... -0.22964826  0.11091804
 -0.17637391]"
17570,"[ 0.7080041   0.6246631   0.536741   ... -0.0015937  -0.40213275
  0.20057474]"
224980,"[ 0.26845306  0.33725563 -0.30015796 ...  0.13337053 -0.44854927
  0.13103332]"
40300,"[-0.04258168 -0.23066604 -0.01493446 ... -0.03430063 -0.26755106
  0.16935922]"
244210,"[ 0.07438195  0.33198467 -0.22959733 ...  0.0114132  -0.10034858
  0.15739612]"
244160,"[ 0.44768354  0.45112747  0.27172613 ...  0.01907353  0.14660755
 -0.07618494]"
301640,"[ 0.94225156 -0.6187214  -0.29885194 ... -0.2939485  -0.55892646
  0.23213437]"
334230,"[ 0.68783176 -0.033576    0.07700755 ...  0.26461568 -0.8102375
 -0.07125309]"
293260,"[ 0.54516023  0.7112401   0.32311633 ... -0.05270389 -0.5271004
 -0.06662743]"
63710,"[ 0.53703755  0.252522   -0.72819555 ...  0.09858099  0.00182013
 -0.1425932 ]"
496300,"[ 0.19129764  0.1161818  -0.04761775 ...  0.24227208 -0.12491136
  0.20360084]"
285330,"[ 0.4593345   0.7277387   0.39797795 ...  0.20820245  0.01194949
 -0.36219016]"
203630,"[ 0.5559776   0.125747    0.46205258 ... -0.04739802 -0.31015915
  0.49195358]"
20510,"[ 0.3136079   0.46247256 -0.04790019 ...  0.2553408  -0.29536203
 -0.44239777]"
257350,"[ 0.04651389  0.04683555 -0.29148492 ... -0.3735992  -0.2954847
 -0.13347828]"
26900,"[-0.00464116 -0.16979025 -0.23402788 ...  0.25196478 -0.19858566
 -0.2567592 ]"
6370,"[-0.13155317  0.16453575 -0.07426679 ...  0.47617698 -0.00937889
 -0.12293904]"
228280,"[ 1.08780205e-01  2.86685332e-04  2.62676794e-02 ...  1.64639011e-01
 -4.31432366e-01 -5.88804930e-02]"
283290,"[ 0.44129544 -0.1780774  -0.09242364 ...  0.13015379  0.10522859
 -0.40072992]"
2820,"[ 0.53765786  0.22483785  0.595375   ... -0.01140862 -0.50736475
 -0.30615744]"
1520,"[ 0.85446876 -0.13621616  0.28565016 ...  0.42440104 -0.22322533
 -0.04837297]"
234390,"[ 0.6027617   0.14045018 -0.43197447 ...  0.38290605 -0.09542443
 -0.02242013]"
99300,"[ 0.19127291 -0.0864712  -0.7125116  ... -0.62562567 -0.869012
  0.14009228]"
203750,"[ 0.67645574  0.29002523  0.07973965 ... -0.1932749  -0.14454576
 -0.20632961]"
383870,"[ 0.51157635 -0.52770865 -0.3526739  ...  0.10358276 -0.09490807
  0.02252061]"
644930,"[ 0.30071282  0.31234062 -0.47744405 ... -0.04643143 -0.08719435
  0.3495253 ]"
213650,"[ 0.49327296  0.29467186  0.07510436 ...  0.24799563  0.05347289
 -0.49243113]"
346940,"[ 0.39673972 -0.16826506 -0.10663804 ...  0.09451856 -0.3256786
  0.08117709]"
346120,"[ 0.9459203   0.04016324 -0.02516328 ... -0.12144556 -0.521551
 -0.09934427]"
290300,"[ 0.2182062   0.369842   -0.20246594 ...  0.33973095 -0.34378043
  0.11157811]"
17500,"[ 0.57897836  0.05238797 -0.25283778 ... -0.23414275 -0.819856
 -0.42843595]"
22600,"[ 0.45664665 -0.44381672 -0.27383712 ... -0.1895441   0.17291968
  0.00463122]"
414290,"[ 0.5795214   0.06574973 -0.07373186 ... -0.37821203 -0.08195879
  0.26589486]"
312660,"[ 0.71008086 -0.3805983  -0.5396261  ... -0.35460222 -0.0535567
  0.24705943]"
569480,"[ 0.22986943 -0.02293454  0.45303008 ...  0.30145946  0.24423158
  0.15120697]"
6810,"[ 0.6250865  -0.01219347 -0.6812787  ... -0.34298217 -0.20582803
  0.21447112]"
15120,"[ 0.9038716   0.363111   -0.15715721 ... -0.06088329 -0.5687358
 -0.05553155]"
244450,"[ 0.4672108   0.10612154  0.11813387 ... -0.3427559  -0.21118331
 -0.31793875]"
6830,"[ 1.0377985   0.44315082 -0.08284344 ... -0.45722833 -0.77898026
  0.01662269]"
201870,"[ 0.1647225   0.3571891  -0.09714682 ... -0.24469227 -0.6137053
 -0.16312125]"
111600,"[ 0.96623385  0.38978305  0.7096408  ... -0.12552622 -0.40150285
  0.38984418]"
410110,"[ 1.0294362   0.18645246  0.17756866 ...  0.03722619 -0.6440258
 -0.09546661]"
46510,"[ 0.7498013  -0.18214303 -0.04860471 ... -0.3212965  -0.02025001
  0.0997328 ]"
104200,"[ 0.68383247  0.31218943 -0.4561287  ...  0.12053438 -0.5145842
 -0.8115744 ]"
387990,"[ 0.20932384  0.51960975 -0.4400024  ... -0.27306828  0.21314014
 -0.21620822]"
218740,"[ 0.4391106  -0.05012441 -0.29516637 ... -0.5677149   0.15648285
 -0.63545   ]"
351970,"[ 0.2151402   0.5274644   0.09674016 ...  0.06244546 -0.5359236
  0.38214466]"
17330,"[ 0.309916    0.16451569  0.17643784 ...  0.03655289  0.30826813
 -0.49752545]"
6980,"[ 0.7898569   0.25881955 -0.17572911 ...  0.05029793 -0.36311442
  0.5972795 ]"
107300,"[ 0.7166323   0.02216207  0.04264051 ... -0.02328315 -0.28223857
 -0.42810705]"
397060,"[ 0.10629892  0.22960594 -0.4944516  ...  0.5572087  -0.26300535
  0.07244304]"
235210,"[ 0.3024443   0.2661387  -0.23142937 ... -0.4284089  -0.52181494
 -0.14472601]"
466560,"[ 0.70849013  0.48497486  0.33092234 ... -0.3328162  -0.53864473
  0.13338155]"
233290,"[ 0.19250481 -0.43748286 -0.18345441 ...  0.1972298  -0.86246395
  0.418191  ]"
274900,"[ 0.68954915  0.40658933 -0.46378946 ... -0.02273729 -0.5804938
 -0.20515329]"
254700,"[ 0.78350794 -0.18536924 -0.22681214 ... -0.06973165 -0.02457011
  0.07432435]"
204180,"[ 0.3917936   0.36584398 -0.5952486  ...  0.3400385   0.07926607
 -0.2771834 ]"
17480,"[ 0.55436444  0.19559006  0.2867849  ... -0.3461393  -0.13090096
 -0.8970589 ]"
208200,"[ 0.5487611  -0.6563951  -0.04348359 ...  0.13774411 -0.78488123
 -0.04289357]"
210970,"[ 0.6669279   0.07457953 -0.74244463 ...  0.18284936  0.26088697
  0.17806841]"
247430,"[ 0.7014473   0.05950694 -0.31989864 ... -0.5888583  -0.38855186
  0.6763434 ]"
213610,"[ 0.56999445  0.7706699  -0.5490189  ... -0.39208066 -0.18127887
 -0.3669424 ]"
232910,"[ 0.22009262  0.20351014 -0.18457924 ... -0.4671347   0.06992263
  0.16875309]"
13520,"[ 0.90094554  0.7375197  -0.5556691  ... -0.3533318  -0.340511
 -0.13315931]"
222480,"[ 0.3165288   0.5374558  -0.29718542 ...  0.10881288  0.26886085
 -0.3744095 ]"
8000,"[ 0.52779573  0.8931209  -0.52582014 ... -0.11694369 -0.83363926
 -0.28925171]"
235600,"[ 0.5096127  -0.1134835  -0.12972091 ... -0.3149946   0.02017935
 -0.00381724]"
257750,"[ 0.5081809   0.16761705 -0.39580417 ... -0.63657904 -0.08519074
  0.11527792]"
228300,"[ 0.7587791  -0.24566643 -0.5074031  ... -0.5065123  -0.4452534
  0.6053789 ]"
232790,"[ 0.34397706 -0.41907734 -0.02263019 ...  0.17719555  0.29261696
 -0.04673816]"
15100,"[-0.11418657  0.40084013 -0.02138202 ... -0.02003315 -0.77262753
  0.200664  ]"
91700,"[ 0.44801155  0.0138569  -0.06429157 ... -0.17691605  0.10125588
 -0.04392294]"
98400,"[-0.11116403  0.03707991  0.16223879 ...  0.4977089  -0.25753397
  0.05345238]"
1530,"[ 0.7697377   0.52061296  0.07290372 ...  0.2768525  -0.48028207
 -1.0295812 ]"
308600,"[ 0.8539952   0.59667    -0.06469737 ...  0.40812087  0.39640608
 -0.57687503]"
389730,"[-0.07151504  0.7706684  -0.685984   ... -0.18141185  0.20968986
 -0.5288857 ]"
274920,"[ 0.5585095   0.09387387 -0.6176047  ... -0.14498572  0.1604742
  0.01096707]"
610080,"[ 0.52205145 -0.5895958  -0.69190496 ...  0.11852784 -0.8382351
  0.22822206]"
469730,"[ 0.8369365   0.4087917  -0.2776161  ... -0.07050907 -0.11481239
 -0.74028885]"
443810,"[ 0.6356548  -0.7624048   0.42682886 ...  0.17636898 -0.779309
  0.13128014]"
304650,"[ 0.15596896  0.33024734  0.2455432  ...  0.04974856 -0.4117354
 -0.8281162 ]"
225320,"[ 0.60244673  0.8294674  -0.85598254 ... -0.1685406  -0.8024569
 -0.23483267]"
17440,"[ 0.25048447 -0.06732811 -0.29842025 ... -0.25033996  0.03440633
 -0.5882029 ]"
490220,"[ 0.25293756  0.1578041   0.5140795  ...  0.08784625 -0.23413244
 -0.27754703]"
240760,"[ 0.37873513  0.49535295  0.05400606 ... -0.09268752 -0.51597005
 -0.25576374]"
311340,"[ 0.9886517   0.27356884 -0.0119645  ... -0.16681518 -0.22693682
  0.6592562 ]"
215530,"[ 0.39859256 -0.13019879 -0.01295955 ...  0.04352202 -0.02139327
 -0.16718644]"
213850,"[ 0.41422543  0.36040118  0.44142205 ...  0.56859666  0.12339263
 -0.011542  ]"
242640,"[ 0.7931716  -0.21339196 -0.30938327 ... -0.22258283 -0.6626108
  0.32587656]"
98200,"[ 0.6554335  -0.1799189  -0.13677862 ...  0.5259906   0.18776701
 -0.09247125]"
102840,"[ 1.285439    0.4891935  -0.14101972 ... -0.4960082  -0.7379617
 -0.1075426 ]"
224960,"[ 0.18295427  0.33790553 -0.65866303 ... -0.2381791  -0.15563019
  0.22073068]"
253900,"[ 0.66353565  0.35723543  0.70479894 ...  0.0994539  -0.03051341
 -0.00541516]"
219780,"[ 0.15912768  0.30541354 -0.07214835 ... -0.16549253 -0.7189449
 -0.15170601]"
447820,"[-0.1307084   0.43355462 -0.7160176  ...  0.05307479 -0.9113029
 -0.23321807]"
9160,"[ 0.6576628  -0.38289064  0.23618618 ... -0.49003777 -0.05696057
 -0.2590381 ]"
270850,"[ 0.40432322  0.67114526 -0.35327542 ... -0.10737     0.12434038
 -0.08151923]"
292410,"[ 0.32863757  0.36368483 -0.25606686 ...  0.21536735 -0.09560298
  0.11304504]"
402570,"[ 0.75973916  0.5686487  -0.98116666 ...  0.13626194  0.3636074
 -0.06213633]"
268050,"[ 0.07735904 -0.00711343 -0.7908817  ... -0.00914043 -0.58803
 -0.53903264]"
509110,"[ 0.23590273  0.3026956  -0.26802856 ... -0.0328588   0.00975953
 -0.61060697]"
308040,"[ 0.7740756  -0.06843097  0.04584506 ...  0.24139667  0.08172054
  0.13657394]"
291410,"[ 0.16777115  0.2080692   0.30712777 ...  0.8082458  -0.19637598
  0.20376801]"
641990,"[ 0.73223174  0.16733076 -0.23906879 ... -0.41904244  0.31847405
 -0.36457852]"
24720,"[ 0.4652724   0.36652437 -0.12807631 ... -0.34950647  0.06822667
 -0.6575495 ]"
374040,"[ 0.44195485  0.8071215  -0.19156437 ... -0.17930946 -0.03831678
 -0.02060971]"
627690,"[-0.1430587  -0.21623267 -0.26968724 ...  0.29582703 -0.8058242
 -0.0563722 ]"
544920,"[ 0.7118955   0.6312446  -0.3237015  ...  0.05938251  0.11111516
 -0.49268085]"
582890,"[ 0.14477585  0.33678773 -1.0357069  ... -0.48523653 -0.26907268
 -0.141009  ]"
524220,"[ 0.6932059   0.26147294 -0.03007151 ... -0.06931966 -0.42892602
 -0.35111332]"
315430,"[ 0.8796319   0.6830154  -0.51763415 ... -0.0102285  -0.18257746
  0.13426796]"
678800,"[ 0.8809024   0.09571765 -0.11674435 ... -0.24011105 -0.30533594
 -0.16289933]"
263060,"[ 0.14061026  0.48684886 -0.25113556 ... -0.25184432 -0.20554192
  0.7495782 ]"
218640,"[ 0.8202887   0.00463296  0.4899747  ...  0.1298736  -0.55105096
  0.20330068]"
392110,"[ 0.1322993   0.866419   -0.12921363 ... -0.602453   -0.2831739
 -0.80197436]"
10150,"[ 0.45153353  0.47183725 -0.07729149 ... -0.17005728 -0.08459271
 -0.11359984]"
39500,"[ 0.26617065 -0.33621305 -0.21630168 ...  0.26293176 -0.24871135
 -0.37861294]"
38420,"[ 0.91112924  0.18981257  0.03017055 ... -0.5069914  -0.8180135
 -0.205456  ]"
613100,"[ 0.09876287  0.79260844 -0.8077174  ... -0.0064023  -0.1917967
  0.22065422]"
383120,"[ 0.58646214  0.50709563 -0.4200412  ... -0.5763051  -0.24901158
 -0.4987412 ]"
34010,"[ 0.8062278   0.17823659 -0.19909906 ...  0.13322195 -0.507986
 -0.43497112]"
290340,[0.40791178 0.12918486 0.14616197 ... 0.16618766 0.46884805 0.05660498]
226840,"[ 0.38700378 -0.2683623   0.5737034  ... -0.50888604 -0.48099196
  0.2209904 ]"
2500,"[ 0.28026757  0.13101193 -0.1180639  ...  0.02057261 -0.31687635
 -0.00293627]"
393380,"[ 0.5209274  -0.13002989 -0.24358344 ...  0.01394132 -0.22541685
  0.08615066]"
211400,"[ 0.62263525 -0.49094427 -0.77123386 ...  0.03915457 -0.03407444
 -0.17257012]"
386070,"[ 0.43621385  0.2449485   0.18243426 ...  0.05660173 -0.33322525
 -0.32998285]"
447040,"[ 0.27648246  0.12211504  0.28200826 ... -0.39554787 -0.15108022
  0.14757995]"
480430,"[ 0.24144165  0.09863276 -0.0920498  ...  0.24793084 -0.5075742
 -0.28418586]"
222730,"[ 0.44092467  0.62950957  0.4700491  ... -0.2306178  -0.41563284
 -0.07584637]"
368730,"[ 0.481984    0.06956523 -0.74786955 ...  0.18535484 -0.24244034
 -0.5689755 ]"
512470,"[ 1.1870941   0.23018244 -0.09091757 ...  0.23091504 -0.23831
  0.00353819]"
893520,"[-0.1856608   0.34537655 -0.04099279 ... -0.05276589 -0.06636038
  0.19777098]"
257730,"[-0.13684079  0.75290763  0.20976278 ...  0.02092163 -0.02017708
  0.3102878 ]"
234190,"[ 0.209993    0.05142203 -0.2043051  ... -0.08432274  0.30194864
 -0.06084881]"
223220,"[ 0.41325685  0.23446748 -0.08704049 ...  0.07441366  0.34933075
 -0.13286358]"
259130,"[ 0.9387604   0.22376555 -0.24878003 ...  0.10346885 -0.34391317
 -0.48371   ]"
242880,"[ 1.318538   -0.281876   -0.31123003 ... -0.20591177 -0.1499618
  0.04925147]"
368360,"[ 0.64436555  0.38963622 -0.38028282 ...  0.0606886  -0.11258549
 -0.6965678 ]"
657200,"[ 0.7322135   0.4107479  -0.19337761 ... -0.27770454 -0.35093424
 -0.18169697]"
22300,"[ 0.57685465  0.49563554  0.25096294 ... -0.24841385 -0.15477026
 -0.92293745]"
518790,"[ 0.36158377  0.43922007 -0.6138299  ... -0.31488222 -0.0309639
 -0.05845153]"
394310,"[ 0.6998414   0.21314624  0.57664746 ...  0.11301632 -0.03687134
 -0.635037  ]"
648800,"[ 0.6316164   0.5491457  -1.0588763  ... -0.469918   -0.22303393
  0.11492472]"
204060,"[ 0.20525548  0.7586746  -0.03481409 ...  0.3457392   0.16317686
 -0.14642707]"
288470,"[-0.15126914 -0.09967201 -0.58641213 ... -0.23721237 -0.5387909
 -0.78539807]"
372800,"[ 0.4041073  -0.13853244  0.05496996 ... -0.46824843 -0.9847877
  0.364173  ]"
418460,"[ 0.02335608 -0.00641979 -0.4497381  ... -0.14618707 -0.03106104
 -0.07523669]"
228380,"[-0.01240491  0.25770578  0.03512384 ...  0.1414236   0.3988421
 -0.4856348 ]"
258970,"[ 0.6888999  -0.10726076  0.4002455  ... -0.5629933  -0.5152764
 -0.2365035 ]"
327890,"[ 0.86786693  0.07244018 -0.6806483  ... -0.29177904 -0.17749955
  0.06368765]"
461910,"[ 0.4112352  -0.1685417   0.24016547 ... -0.35153505  0.05636143
 -0.17094755]"
272060,"[ 0.8107198  -0.06153794 -0.4698548  ...  0.32106957  0.28827825
 -0.35751876]"
637650,"[ 0.39646056 -0.11101417  0.15206476 ...  0.56124973  0.15203254
  0.07506142]"
645630,"[ 0.55454457  0.6280352  -0.17249931 ... -0.41406187  0.09553634
 -0.14683902]"
787860,"[ 0.9280709   0.30506042  0.29170206 ... -0.16370757 -0.28815463
 -0.13443518]"
511800,"[ 0.2107746   0.31767622 -0.4570227  ... -0.14127472 -0.32791728
  0.59580296]"
25890,"[ 0.05911638  0.32448584  0.88960826 ... -0.3137096  -0.52337986
  0.3622472 ]"
287290,"[ 0.6172124   0.799612   -0.28501064 ... -0.2650658   0.10508977
 -0.3694922 ]"
319830,"[ 0.45394263  0.74866235 -0.5723094  ... -0.023973    0.10971703
 -0.5107972 ]"
58610,"[ 0.6750306  -0.27083117 -0.4646543  ... -0.3427585   0.22260725
  0.27499247]"
214870,"[ 0.80828494 -0.4354305  -0.0434213  ... -0.33399823 -0.18313695
 -0.29930553]"
332310,"[ 0.31382132  0.46296024 -0.00546312 ... -0.7054617  -0.29287067
  0.64816535]"
258760,"[ 0.61594886  0.5041163   0.02328305 ...  0.33539623 -0.1637569
  0.07597858]"
324810,"[ 0.13385117  0.10374828 -0.24718413 ...  0.2928311  -0.38670743
 -0.35555333]"
581320,"[ 0.37677526  0.24688995 -0.5604308  ...  0.20157759 -0.5659767
 -0.28473645]"
232430,"[-0.3028182  -0.22200702 -0.45723543 ...  0.01456391 -0.7013497
  0.03616529]"
305260,"[ 0.5489553   1.2589113   0.1601559  ...  0.2254573  -0.3295758
  0.11336798]"
226860,"[ 0.81466174  0.3017422   0.24327178 ... -0.2830602  -0.37729317
 -0.5286833 ]"
371660,"[ 0.22058375  0.27232888  0.08464939 ... -0.44267327 -0.07789177
 -0.2915847 ]"
334210,"[ 0.36293995  0.05824683 -0.22890472 ...  0.25491253 -0.20317683
  0.05883074]"
555220,"[ 0.31581828  0.00814027  0.02774695 ...  0.1863943  -0.5813562
 -0.29865617]"
318600,"[ 0.17740509 -0.21923693 -0.11235301 ...  0.22301354 -0.34571153
  0.1296986 ]"
485610,"[-0.21275507  0.977231   -0.03227774 ... -0.36567092 -0.31862321
 -0.19013603]"
3700,"[ 0.44089195 -0.07861568 -0.5480018  ... -0.79572004 -0.5652434
  0.48201928]"
233840,"[ 0.5131497   0.11692737  0.22235811 ... -0.17602879  0.00193042
 -0.04849925]"
201570,"[ 0.8672306   0.3849903   0.00755498 ...  0.35869995 -0.3517259
 -0.42924306]"
255220,"[ 0.16525204  0.05134518 -0.42955    ... -0.505764   -0.21692568
  0.21519296]"
411300,"[ 0.63825184  0.3547462   0.01382026 ...  0.29760635  0.23959905
 -0.06066898]"
41800,"[ 0.48914227 -0.08384971  0.36948404 ...  0.4305698   0.02347965
 -0.03173434]"
225000,"[ 0.01524559  0.43164188 -0.6063592  ... -0.54948086 -0.78853905
  0.1443286 ]"
368500,"[ 0.12354056  0.16860902 -0.09312559 ... -0.51558    -0.56666774
  0.25043   ]"
333420,"[ 0.52067375 -0.01038129  0.2803661  ... -0.07900015 -0.09213679
  0.32939792]"
460920,"[ 0.48526418  0.4140588   0.2733937  ... -0.07575049  0.06302366
 -0.05684833]"
1500,"[-0.06277073  0.42411193 -0.04799842 ...  1.1802069   0.00598354
 -0.7358246 ]"
8140,"[ 0.26532537  0.88175356 -0.8117587  ... -0.52845293 -1.2616652
  0.23097348]"
202200,"[ 0.28696254  0.16230358  0.57877207 ... -0.27543852 -0.88708043
 -0.76256317]"
271240,"[ 0.7487837   0.4896659   0.2585572  ... -0.463591   -0.39893523
 -0.1705294 ]"
45740,"[ 0.12193304  0.00583446 -0.22001995 ... -0.10660499 -0.30807275
 -0.44481152]"
249990,"[ 0.8939977  -0.0290336  -0.3454114  ...  0.41805166 -0.31635737
  0.15861322]"
393420,"[ 0.6415494   0.38300356 -0.5606985  ... -0.6928143   0.43100032
  0.37568185]"
297020,"[ 0.12558204 -0.45832974  0.08865099 ...  0.32573873 -0.25698435
  0.39457256]"
313120,"[ 0.6017568   0.6206142  -0.68915975 ... -0.09466468  0.31359196
  0.02694165]"
301910,"[ 0.9679403   0.15678224  0.01383573 ... -0.49919316 -0.1289948
 -0.43152153]"
495910,"[ 0.48554686  0.57890093 -0.44353214 ... -0.148175   -1.097624
  0.25450048]"
215830,"[ 0.47633243  0.27323344  0.11684112 ... -0.15543894 -0.7462804
  0.07555599]"
245470,"[ 0.85085016 -0.33011886  0.0017432  ...  0.19561443 -0.5676425
 -0.04273369]"
637090,"[ 0.18932605  0.23109673 -0.08558918 ...  0.49871024 -0.21229026
 -0.07806682]"
205710,"[ 0.51730007  0.21410972 -0.00512466 ... -0.43825778 -0.29239112
  0.00108048]"
274560,"[ 0.55766493  0.49671164 -0.28265473 ...  0.19093113 -0.12257138
 -0.6640329 ]"
438180,"[ 0.9388405  -0.31264085 -0.39619315 ...  0.22299278 -0.19486743
  0.04498557]"
42120,"[ 1.1055288  -0.0581721   0.00616028 ... -0.60063565 -0.4819474
 -0.07401063]"
302670,"[ 0.13921027  0.384688   -0.22774021 ...  0.19539738 -0.19300525
 -0.37993327]"
238260,"[ 0.3215862   0.20376144  0.00374966 ... -0.06557854 -0.13544685
 -1.1214062 ]"
212390,"[ 0.5373369   0.47990963  0.21562183 ... -0.5334041  -0.594189
  0.29930732]"
513560,"[ 0.2471961   0.14359578 -0.63560444 ... -0.07904588 -0.3856498
 -0.3885443 ]"
201230,"[ 0.68745863  0.47296086  0.0084669  ... -0.68280137 -0.7534357
 -0.06087849]"
612880,"[ 0.7689806  -0.17131685  0.6550519  ... -0.1020323  -1.0212489
  0.27489597]"
65780,"[ 0.83473885  0.4544023  -0.8508693  ... -0.20587163 -0.04690892
  0.4194716 ]"
510840,"[ 0.15969636  0.5718922  -0.19449094 ... -0.26675963 -0.3159097
 -0.6771766 ]"
218510,"[ 0.2400421   0.54965436  0.11345606 ...  0.01826818 -0.36816064
  0.07569258]"
383580,"[ 0.6487096   0.00135996 -0.55323    ... -0.5800083   0.17941879
 -0.34607935]"
667890,"[ 0.887918    0.39683613 -0.8587313  ... -0.4954201  -0.57408303
  0.32879904]"
4770,"[-0.22770719  0.25629303  0.93871945 ... -0.10592705  0.33501613
 -0.47050047]"
292120,"[ 0.35720593  0.29020247 -0.07141948 ...  0.4845785  -0.8243284
 -0.12790051]"
317470,"[-0.17081375  0.38593224 -0.07816512 ... -0.22914523  0.07395486
  0.01588051]"
428690,"[-0.35998198  0.3485171  -0.5184148  ... -0.1754494   0.18519197
  0.02543048]"
436150,"[ 0.8533587   0.39088506  0.07936483 ...  0.00640169 -0.5441819
 -0.42053038]"
706990,"[ 0.5828931   0.54835695 -0.3242997  ... -0.29390618 -0.69684035
  0.36046496]"
206480,"[ 0.31531614  0.79737455  0.31986433 ...  0.29881325 -0.47574058
  0.02142107]"
750920,"[ 0.16099142  0.8385264  -0.48176885 ... -0.31287086 -0.76766425
  0.21714512]"
331360,"[ 0.5847353   0.19962275 -0.6922112  ...  0.046024   -0.17267613
 -0.33073267]"
25000,"[ 0.4743338   0.1258347  -0.27286208 ... -0.63041806  0.16292478
 -0.2202436 ]"
429790,"[ 0.6300195   0.5609153   0.04056121 ... -0.01313381 -0.4014105
 -0.09726119]"
648350,"[ 0.7924146   1.2921199   0.46143213 ... -0.21861301 -0.10242085
  0.30709413]"
115320,"[ 0.19418344 -0.08065648  0.2051081  ... -0.30154005 -0.6056952
 -0.08927932]"
249230,"[ 0.22338678 -0.6129947  -0.02449048 ...  0.12073064  0.07023253
 -0.41858855]"
225640,"[ 0.4190899   0.39739603  0.06176334 ... -0.29560435 -0.32914242
 -0.0561974 ]"
39200,"[ 0.04447801  0.14434895  0.16504931 ... -0.43672648 -0.9043721
 -0.29692742]"
265550,"[ 0.10473064  0.0608831  -0.36761504 ... -0.34498304 -0.2731978
 -0.49073467]"
438740,"[ 1.0554951   0.64536625  0.23889461 ... -0.15226203 -0.94201547
  0.12533462]"
360170,"[ 0.39874223  0.43939745 -0.8569672  ... -0.17026952 -0.08845387
 -0.17600676]"
236150,"[ 0.27422488  0.28149384  0.28988945 ... -0.07390162  0.0561408
 -0.77673435]"
440900,"[-0.02308744 -0.2396785  -0.07172374 ... -0.17800777 -0.2994763
  0.31515193]"
282660,"[-0.26906568  0.0884687  -0.01698032 ... -0.16925365  0.21539015
 -0.2289695 ]"
506140,"[ 0.5493399   0.61298233  0.2610902  ... -0.04523919 -0.64271975
  0.19535121]"
266430,"[ 0.39335555  0.43953103 -0.7567194  ... -0.1121713  -0.3594213
 -0.25674728]"
390670,"[ 0.38142496  0.53212404 -0.10211597 ...  0.06968317 -0.7033428
  0.7968161 ]"
207930,"[ 0.55958307  0.21229634  0.16710411 ...  0.25615144 -0.37013268
  0.02941117]"
611500,"[-0.11431608  0.12153727 -0.4329547  ...  0.07111686  0.19736122
 -0.33801803]"
217750,"[ 0.7161125  -0.23897491  0.270214   ...  0.25273147 -0.12036119
  0.281474  ]"
268870,"[ 0.3615794  -0.04900583  0.36787346 ... -0.13897803  0.27480394
 -0.07748972]"
299740,"[ 0.65657175  0.3543154  -0.2013206  ... -0.0712313   0.07091482
  0.06598902]"
462930,"[ 0.7630927  -0.07578786 -0.42404976 ... -0.3443705   0.24417093
 -0.1537998 ]"
295550,"[ 0.47017232  0.3366201  -0.83323216 ... -0.2550455   0.03184288
  0.07557935]"
297000,"[ 0.29446074 -0.05991336  0.35781187 ... -0.04123316 -0.09031708
 -0.18465628]"
343360,"[ 0.26912266  0.43342736  0.36668122 ...  0.55345243 -0.2578339
  0.00523056]"
244070,"[ 0.8866844  -0.0469459   0.11257232 ...  0.2662513  -0.38628468
 -0.45421085]"
552520,"[ 0.6014507   0.21783203 -0.13501221 ... -0.8222004  -0.07289873
 -0.36428404]"
13140,"[ 0.74467736  0.22008505 -0.5645447  ... -0.43772364 -0.52601045
  0.10062259]"
243470,"[ 0.5570484   0.04937686 -0.1798867  ... -0.10091325 -0.18607435
  0.5121976 ]"
347560,"[ 0.40212637  0.26280105 -0.0864888  ...  0.29696822 -0.33776346
 -0.36226156]"
299460,"[ 0.7552815   0.2672022  -0.06906258 ...  0.26161104 -0.09487187
  0.02568779]"
794600,"[ 0.7170937   0.5429607   0.180239   ...  0.14884402 -0.8449101
 -0.38071403]"
319910,"[ 0.00453818 -0.24298984  0.3946569  ...  0.09476303  0.4028801
 -0.09284533]"
766570,"[ 1.3843453  -0.14708675 -1.043349   ... -0.27526605  0.19819847
  0.8681422 ]"
39650,"[ 0.97745156 -0.00825359  0.00170165 ... -0.6963065  -0.6554527
  0.11054294]"
353130,"[ 0.3500887   0.72083324  0.09396781 ...  0.52766776 -1.3076484
 -0.45848522]"
7600,"[ 0.48102015  0.17179999  0.45579177 ...  0.5653436  -0.50453866
 -0.07599726]"
32390,"[ 0.10886004  0.37692133  0.2534226  ...  0.15410316 -0.21779814
 -0.04179846]"
12830,"[ 0.25015122  0.49672937 -0.28139168 ... -0.02634036 -0.06829374
 -0.13457751]"
314000,"[ 0.29699913  0.15623425 -0.540681   ... -0.20359167  0.1112273
  0.08148406]"
446150,"[ 0.45921096  0.3442658  -0.1403787  ...  0.3989744   0.00714132
 -0.00933672]"
311730,"[ 0.5868684  -0.28970614 -1.1828783  ... -0.19723225 -0.0969077
 -0.55730665]"
696370,"[ 0.6516066  -0.03645124 -0.03961394 ...  0.07316162 -0.12095585
 -0.03244719]"
244090,"[ 1.0127066   0.57124573 -0.1516971  ...  0.03719813 -0.5982695
 -0.6393823 ]"
